双学位证书尼皮辛大学假文凭『q薇81417070】办个多少钱,1
谷歌自动收录代码【QQ:21630616】【提供谷歌搜索留痕代发服务，快速收录排名，欢迎咨询】.ogt.0926,1
薇十69552030九江滴滴打车有发票吗33f,
如何代理开云体育『联系TG@yabo05|QQ:1092032980』h8h8t8y8.zsomcm0mioc,1
作假弗莱堡大学毕业证【QV：876810005】仿制弗莱堡大学留信认证*成绩单！毕业证壳子+回国证明-学历证书.文凭证书^研究生毕业证…录取通知书、博士毕业证！diploma…毕业证成绩单。本科毕业证UAMgK,1
购买办理各类真假证件-【办证QQ:25496634】-美国约翰霍普金斯大学毕业证办证,1
毕业证丢了怎么办≤siu毕业证≥薇信-扣扣2697288251伪造南,1
有中本聪交易所吗【QQ:1594833205】系统包网搭建.gxf,1
银行卡 微信 支付宝账户买卖 加QQ号3528675367缪EYZ,1
QQ956290760Brunel  .zdg,
怀化附近小姐上门服务一条龙【QQ：16512330】安排.usp,1
哪里有卖匿名手机号加薇7798OO877,
【☀️微信：yxds623623++QQ：2381591660】全自动telegram群发软件telegramZALO营销软件纸飞机telegram群发软件电报群发软件飞机群发软件.qku.1015,1
m=2&s=zNCyQPXWn4EcQipKwQzePOeEDrYVVa64lwnaF1WLQxlyINtkUhsv0PlmjWbD0CpDesidIPEPiIgZvXyjnZz4DyRUVuhXTANrzAzxiKY9o1o21iH3QDqMDGEs8nka5PQlxl+hMPmMA+PX4GSFSA7rVblJhe0TWScsm7kHFlThpz2Hi8txEvu3w6YTRfP6t3ZIxgxdTc00KD8=,
UserProfile:哪里有服务好的人工翻译【QQ-2853515959】人工翻译供应商，人工翻译平台推荐，机器翻译比人工翻译还准确，人工翻译英语怎么说【QQ-2853515959】】裁低涵vy,1
唐山学妹喝茶【QQ:53731704】安排1.fuv,1
买英国假文凭_and_买边山大学假文凭假学历_and_Q薇501058216_and_买边山大学毕业证成绩单造假_and_办边山大学学位认证_and_修改GPA办使馆认证_and_办留信认证Edge_Hill_University,1
喀什5分彩QQ:6884351,1
加拿大28大小单双微信群【网址pc8013.com】〔QQ微信2988244〕加拿大pc28，幸运10，极速赛车，幸运飞艇超高赔率，充值即送】安徽3K,1
小QQ1975344094,
哪里卖失眠药_Q３１９９３１８８６尽nbiwa在首页:jzvgh,1
好彩彩票苹果版QQ:1466573920,1
英国高校留学生学位证文凭扣-薇936794295想办谢菲尔德-3,1
Essex本科文凭{薇Q6909257},1
天虹彩票注册QQ:940439071,1
【扣53667324】kdnxo网赌不能提现怎么办,1
下期开什么幸运时时彩QQ:490391635,1
盈彩彩票app下载QQ:3772473,1
打鸟汽枪镜瞄_最新推荐※扣扣:３０６０８２５６４１※百姓论坛_,1
428187794-junny兒童智能手錶,
极速飞艇规则图片【+(Q薇)８９２２３２0３】,1
★办理AC文凭证书成绩单Q薇2801371829,1
凤城澳洲幸运20QQ:3773143,1
仙桃小姑娘会所68523961微信烤箱,
1183扣3502百度留痕怎么生成香格里拉aUBgo,1
开原哪里可以办理真实出生证明1300252952_Q扣^号xxfhjd,1
310540109-【吉加吉】短背全網-電腦椅-升降扶手(tw-81x7e5,
郑州市七牛cdn全局配置QQ:610996462△寿光市csdn下载器,1
贵州用友金蝶u8财务软件Q Q：306007081,1
包邮leicester商科文凭（leicester会计毕业证（扣薇：1151714174）leicester-2,
 【夏导】扣扣 6416844?【关于】,1
仿真玩具枪原理图(Q.2404006441)T5t,1
伪造葡萄牙贝拉内大学毕业证【制证Q24197771】,1
206769450-Live-手册,
巢湖同城约炮加Q2911635463即可,1
cro22rs美女网上裸聊QQ号码是多少【表演女Φ599921535】2015年12月26日★rnpqcl,1
【11法国本科毕业证】扣薇603012914办理巴黎第十大学毕-2,1
《弄丢strath毕业证学历证书》＋扣v361538830订购√思克莱,1
美国秃鹰气枪安装解析图_扣扣：３２４６９３９７３３_官网首页.vnp,1
大洋彩票app版QQ:3661483,1
354314302-【宅配甜點】irene手作甜點：美的像藝術品的,
97605-做加拿大真实可查文凭-学历-q薇551190476办曼尼托巴大学毕业可查版本毕业证-UM-2,1
QQ-CA-Nước-Rửa-Chén-Hương-Quế-Thái-Lan-Dbii-3-6L-1-QQ-i.303670510.7886858320,
QQ-Váy-Thiết-kế-cao-cấp-QQ-i.303670510.9946580985,
哪里可以做查询别人的QQ绑定信息【Q:54920319】.nbg,1
毕业证快速办理_扣薇1925465786澳洲悉尼大学usyd文凭-学历办,1
购买毕业证_Warwick华威大学毕业证书Q薇418049015_Warwick毕业证成绩单University_of_Warwick,1
杞县出台网红77382286微信话所,
造假俄亥俄州立大学假文凭假学历Q_V_501479313制作OSU毕业证成绩单_购买美国学位证书_伪造美国假毕业证书_伪造国外学校假文凭假学历_修改成绩单_制作录取通知书_学生卡_学历证书_代办留信认证_使馆认证_教育部认证,1
嘉兴办房产证【咨询QQ：331752923】2015年04月07日★v0922t,1
固原漾濞彝族自治县中国电信廊坊详单查询QＱ↓1６２6０１６633中阳县东乡县电信网上怎么查找电话记录,1
q_打气球枪地摊205【接单QQ345245】2016-02-01,1
715【2021留学生回国怎么找工作？】q薇501146313【原版补办购,1
【正品casio手錶】gshock手錶x紫色限量-附盒-45681447,
苏州姑苏区小妹子推拿(88298213薇)上扫,
k-重庆时时彩玩家【总代QQ：148026902】★xgogro,1
营销费用的特点Q3425748006暨TwE,1
定qmul文凭证书成绩单扣薇328970823,1
买已经实名过的淘宝号批发网【q68155453】beak-gifs,1
k-办理加拿大温哥华岛大学毕业证★【QQ:1137573692】2015年01月09日★hjrkde,1
图们【联系微信:896606662】楼凤QQ汾阳e74K,
「100原版制作」办cqu毕业证成绩单95270640薇q中央昆士兰大,1
【查询开房记录】发现怎么能监控别人的短信内容与微信QQ聊天内容【聊天记录+薇99466026】.pnf,
p5s14y4rs衡水性息论坛_5359501+扣扣,1
Bộ-mô-hình-xe-và-nhân-vật-QQ-Speed-(Zing-Speed-Mobile)-(hãng-Enlighten)-Tôn-Ngộ-Không-mã-74021-i.15281665.11484025368,
Bộ-mô-hình-xe-và-nhân-vật-QQ-Speed-(Zing-Speed-Mobile)-(hãng-Enlighten)-Thánh-Thiên-Sứ-mã-74023-i.15281665.15430739128,
银川同城上门服务100块3小时【学生妹同城上门服务+联系QQ：65346484，QQ：40511827，同城附近小妹上门服务，外围学妹、同城品茶资源上门，安全靠谱！】.nug,1
银川同城上门服务100块3小时【学生妹同城上门服务+联系QQ：65346484，QQ：40511827，同城附近小妹上门服务，外围学妹、同城品茶资源上门，安全靠谱！】.nug,1
561133333-《誰是兇手》分集劇情+心得分享(第1-16集大結,
富湾彩票是不是黑台子QQ:3664217,1
394899901-[推薦排名]【herbox-荷柏園】淨化高手-複方精,
亚博 代理难不难『Q:2970355』z2x9j7q.sawixadcp,1
仙桃市怎么找小姐【☀️QQ：3197827】.vuq,1
sQqykxWPgykmqRXUeUbduQ6/MFlcBqmo2ru8CtuQJiL7rp8kw2MJPHgaklbw5G4MjbvscM01Kx5hpRZLW77okRqWs6ZAcBNVIX4yJcIvRKxhP7m41ckVM5nSmfkxHS0YHVN5Ca93Hnt83AkSD0MOEgDfvCfF6SFAS8olJIwLhUdQuqGl9cFjmr8IlvI/wR9SIoeg3QSaBg51o1344MGBPCdiYvDUGbJEc7MFbOwTYQAdgdulH07UPOoMUBFdPAhxPfvk5KBV5t8bAAyCUjgkimdT1dattFSV8Y1k1WsutTQ=,
Where+can+I+do+a+fake+accounting+title+certificate【Fake+Certificate+QQ:539844982】,1
仿制 NIU文凭证书成绩单{薇Q269728825,1
JMRO95007_0000-mimirose-手鏈-黃金和鑽石,
74188653-超搶手【即期良品】船井hello-kitty膠原雪妍凍1,
list-0-透明内衣祼聊QQ号码╰☆╮加主播：【308600038】〓┐_2016-1-2-0-p1,1
31036391-kate手扎第577篇◎韓劇◎檢察官公主（1-2）◎,
list-0-白山办毕业证【☆QQ:505509071☆】白山办毕业证☆2016年10月08日obfm1n-1-2-1-p1,1
12星座感情死因-失戀-分手-ctl03-442996,
办假的指纹〈作证QQ507067086〉,1
招商抖音招牌『联系TG:@yabo05|QQ1092032980』h9h9t9y9.7pvltrbhv,1
办英语六级假证书QQ812828338+淘宝交易办英语六级假证书wejxia,1
7354130(QQ)水晶dj网 外推代发代做萧...awbekd..y56,1
202749238-【塔羅同樂會】塔羅占星x藝術henna手繪x現場,
25650184-kate手扎第504篇◎其他劇◎gossip-girl（10~18）◎b,
哪里能买到缅因州结婚证【假证Q2987737967】【GFxrX,1
16527956-#-iphone-11-手機簡單開箱,
高仿UAH文凭证书成绩单{薇Q6351528},1
网上哪里可以租银行卡扣扣188652175,1
专业办理法国留尼汪大学毕业证q薇912850275办留尼汪大学,1
16501091-【媄婧美學診所】台中醫美肉毒除皺拍照再也,
34270344-[食記]dacci-打趣，法式廚房,
谷歌排名迭代多少次【QQ:316412905】代做谷歌收录.mxk.0614,1
"寄生虫软件购买QQ:735894904,官方:b1v1m寄生虫软件购买",1
怎么办本科学历√Q√1131188009,1
362279904-iphone手機殼推薦◆overdigi防摔透明殼-鑽石框◆,
推荐办理 Pace新版文凭证书薇Q32897082,1
 塞子棋牌游戏代理价格【主管QQ:6667289|TG:zzhou01】俄罗斯世界杯决赛在哪ggyyg7.com,1
Gioăng-mặt-máy-Chery-QQ-i.78107591.7834629222,
Ốp-công-tắc-nâng-kính-Chery-QQ-i.78107591.1320761053,
广州私人养生会所【qq:2955365145 电话:13533129313】广州私人养生会所【qq:2955365145 电话:13533129313】.auwe,1
广州私人养生会所【qq:2955365145 电话:13533129313】广州私人养生会所【qq:2955365145 电话:13533129313】.auwe,1
小萝莉loli幼女萝莉幼女资源加扣扣427841183,1
扣扣2 697288251售卖cccu硕士录,1
缅甸新锦江QQ【15887600989sec】.oym.0430,1
A美国_Yale大学文凭_Q_wx199959876能办理耶鲁大学毕业证成绩单文凭留信网_留服认证学历认证Yale_University_diploma,1
q_【QQ:8072358】kbxto极速11选5计划全天_ctg__t_0_page_6_p_1_qc_0_rd__site__m_1_bitrate__af_0,1
5_5气弹模具标准图纸【联系QQ:２１４８１２７７９３】最新资讯★963143_,1
119783727-【4y2m】幼兒園上學趣。-neomnworks手工透氣幼兒,
Buy+a+fake+hope+international+university+diploma+diploma【Fake+certificate+QQ:507068086】,1
"百度收录软件【QQ,21869_55898】才",1
买美国大学文凭证书_买罗格斯大学毕业证_QQ威信744043126_罗格斯大学新伯朗士威分校学位证文凭办理_买美国学历证书_办理美国假毕业证_购买假成绩单_Rutgers_New_Brunswick,1
撸先生【打开∶cc559.cn】下载地址∶破解版下载】快猫【QQ∶2358462475】专业破解∶破解版下载】fylloli1n,1
办国外文凭-美国NYU留服认证网站可查-Q薇1341755853-购买纽约大学毕业证-留学毕业全套证明材料-NYU留服认证网站可查-国外证件遗失补办-在读证明-操作真实可查学历认证留信认证教育部认证及大使馆认证New-York-University,1
309645544-machine-gun-kelly---let-you-go-放手離去-中文歌詞,
雅思枪手【σσ/薇信同号:7140473】,1
QQ企业邮箱留痕快照工具66017112(QQ)戚...get9pk..hp2,1
横县买电棍电棒164【接单QQ1282896585】2016-12-06,1
d7o1kw汽枪396【接单QQ1282896585】2016-03-06,1
k-最好时时彩计划软件【总代QQ:148061015】★fhuhgf,1
大玩家电玩城营业执照+QQ：5684117,1
215174748-【diy手作】碩寶1歲森林風生日派對-party布置-d,
老街新百胜客服上分QQ多少17158755000wl,1
外地人在重庆办理护照【QQ：664668582】,1
essay文书范文 英国高分essay 买essay【essay代写 微Q：2673514880】.lph,1
大奖娱乐场所+q82019309.com.com,1
上杭谷歌优化【QQ:121916818】站群蜘蛛.jmg.0603,1
阿尔及利亚七乐彩QQ:3665467,1
744158452手输机【客服132电6533薇5447】2022手输机.ukv,
LzAwMS9VcGxvYWQvMzk5L1JlbEZpbGUvOTE1MC8zNTc5NTAvMTA076aO5YWo5ZyL6IG35aC06YGU5Lq655uD5oqA6IO956u26LO957Ch56ugXzE1MDczMTA5NDAxNi5wZGY=,
list-0-三门峡办离婚证【☆QQ:1149146316☆】三门峡办离婚证☆2016年10月08日d0a98k-1-1-0-p1,1
_美国文凭_UA亚利桑那大学毕业证Q薇695640122_UA毕业证_学位证办理一手制作原版_渠道操作真实学历认证_使馆认证_真实亚利桑那大学毕业证,1
k-文凭本科【代办QQ:891029593】2015年03月18日★ih98tr,1
"403063849-*自己動手作禮物*桌曆,月曆diy~超簡單!!單張多",
detail7721-16吋_【SAMPO_聲寶】_DC直流節能風扇_SK-FD16DR_／_SKFD16DR,
【钥匙扣】Stainless-steel-wire-rope-keychain-pendant-multifunctional-color-couple-key-ring-creative-gift-anti-lost-key-chain-i.347658276.6677528380,
【钥匙扣】Stainless-steel-wire-rope-keychain-pendant-multifunctional-color-couple-key-ring-creative-gift-anti-lost-key-chain-i.347658276.6677528380,
迷奸少女）三挫伦-迷药喷雾-催情-扣扣-3233294996,1
21472480-【日劇】破案天才伽利略,
黑山夜总会陪侍小姐联系电话〖扣扣◆320171370〗百度首推,1
30355913-《五星主廚快餐車》(chef)---令人餓到不行的片,
櫻花QQ凍-i.2721964.9501611,
櫻花QQ凍-i.2721964.9501611,
办理u-of-u硕士毕业证书微-扣1821942289购买美国留学文凭学历-5,1
四喜电玩城手机版+QQ：5681741,1
qid=PNdbFSe80_0LZnjcFbAHHZrKC5UJpOpTVQ5s_n_ieH3IOTGdQfXXxw&last_query=蜡笔小新复制人&tabid_list=0|4|7|106|2|1&tabname_list=全部|动漫|其他|少儿|电视剧|电影&resolution_tabid_list=0|1|2|3|4|5&resolution_tabname_list=全部|标清|高清|超清|蓝光|VR,
qid=PNdbFSe80_0LZnjcFbAHHZrKC5UJpOpTVQ5s_n_ieH3IOTGdQfXXxw&last_query=蜡笔小新复制人&tabid_list=0|4|7|106|2|1&tabname_list=全部|动漫|其他|少儿|电视剧|电影&resolution_tabid_list=0|1|2|3|4|5&resolution_tabname_list=全部|标清|高清|超清|蓝光|VR,
百度搜索留痕推广495455411(QQ)李...ACfDJS..Git,1
包头内蒙古快3QQ:3660624,1
detail4221-14吋【台灣通用工業桌扇】F-614／F614,
如何代理开云『联系TG@yabo05|QQ:1092032980』h8h8t8y8.zs611616161,1
k-世爵时时彩【总代QQ：149069595】★tbzivt,1
list-0-激情自慰色聊女vb＋711526O6_扣>扣,1
مشخصات_ساعت-مچی-اسپرت-کیو-اند-کیو-کد-8482-Q-Q~id~8530334,
349780528-【手作】3m-scotch-多用途不鏽鋼事務專用剪刀,
广元办真毕业证文凭QQ→13240176928←,1
森林舞会下注【QQ-2140779272】.qlt,1
就购买brock高仿硕士文凭微扣2026697758加拿大学历学位认证,1
福利来果博东方现场开户2072223177（官方客服QQ）,1
紫鋰雲母手串-1141312777,
Q：2248162005<TR,
冯绍峰的qq是多少 宫锁心玉的主演冯绍峰的qq是不是QQ4281790,
破解QQ的软件【QQ11571363】,1
谷歌搜索留痕飞机 lishengzhegoogle留痕收录外链推广以及b站邀请码QQ群服务！AD100474876,
list-0-宁安大麻扣【5O1152714】,1
q_彩六彩票链接QQ:3664751,1
咸阳杨凌区模特会所(11911562VX)会除,
★办理UWIC文凭证书成绩单Q薇280137182,1
在读证明，实体公司专业、靠谱一手资源2a925516700,
99953338-【樂扣樂扣】單向排氣閥玻璃密封罐2.1l-方罐,
list-0-德州做驾驶证【☆QQ:1148951958☆】德州做驾驶证☆2016年10月08日4j0it6-1-2-1-p1,1
Đồng-Hồ-Đeo-Tay-Ter-Baru-Q-Q-Qq-Vp46J-Màu-Đen-Dành-Cho-Nam-Và-Nữ-i.451114284.6490426725,
Đồng-Hồ-Đeo-Tay-Ter-Baru-Q-Q-Qq-Vp46J-Màu-Đen-Dành-Cho-Nam-Và-Nữ-i.451114284.6490426725,
34572457-kate手扎第652◎韓劇◎你為我著迷（1~9）◎一,
"广州外围预约（广州外围模特上门预约）【√预约微信：97786331，QQ：97787112，全国一二线城市及海外高端外围预约，商务模特预约，高端商务伴游预约，高端一手资源,外围女模特预约，空姐，学生学妹等，全国各地区均可空降上门，诚信靠谱，非诚勿扰~】.ueo",1
"广州外围预约（广州外围模特上门预约）【√预约微信：97786331，QQ：97787112，全国一二线城市及海外高端外围预约，商务模特预约，高端商务伴游预约，高端一手资源,外围女模特预约，空姐，学生学妹等，全国各地区均可空降上门，诚信靠谱，非诚勿扰~】.ueo",1
k-消化系统肿瘤高维能量加持疗愈【QQ：858381517】高血糖特殊疗法，补充生命能量，改变DNA，调理各种疑难杂症、帮助您身心灵健康【QQ：858381517】高维本源能量加持调理服务是人天合一养生调理，是纯正的中医源头疗法,1
19541971-【樂扣樂扣】classics系列方型吐司盒-3.9l開箱,
224651867-手挽手浪-漫遊世界,
"肥西小姐上门按摩服务【QQ:97158545】小妹上门,1
.cra",
新锦江公司在线【17084222211ssq】t1p,
学士毕业证办理南十字星大学补办成绩单改gpa『q薇8141707,1
461152691-☞【dowai-多偉】-直立手持-12合1複合式蒸氣拖,
24409384-[ps]純愛手札2,
烟台开餐饮手撕定额发票18814491387,
221549841-小米手繪小物收納袋,
西安洗浴海选海选【西安高端外围微：haoyunlai112211、QQ：321287695】西安洗浴海选海选【西安高端外围微：haoyunlai112211、QQ：321287695】.dari,1
西安洗浴海选海选【西安高端外围微：haoyunlai112211、QQ：321287695】西安洗浴海选海选【西安高端外围微：haoyunlai112211、QQ：321287695】.dari,1
留痕软件2810853647(扣)娄...BATX1R..lDu,1
永鑫娱乐会员登录系统qq2082692670手机投注,
Bình-Nước-Nóng-Ferroli-QQ-SE-15L-20l-30l-Gián-Tiếp--THANH-ĐỐT-TRÁNG-BẠC-i.81199153.5157579996,
Bình-Nước-Nóng-Ferroli-QQ-SE-15L-20l-30l-Gián-Tiếp--THANH-ĐỐT-TRÁNG-BẠC-i.81199153.5157579996,
Bình-Nước-Nóng-Ferroli-QQ-SE-15L-20l-30l-Gián-Tiếp--THANH-ĐỐT-TRÁNG-BẠC-i.81199153.5157579996,
31794423-kate手扎第597篇◎韓劇◎壞男人（5）◎在尚未,
297472360-【獨家送dc扇★toshiba東芝】305公升一級能效超,
绥化市(小姐)能够找联系方式+服务444941939】扣】扣威)信,1
UA-SUNY文凭证书{薇Q296567227},1
霍夫斯特拉大学本科成绩单26 97288251QQ,1
Đồng-hồ-nam-34mm-hiệu-QQ-Nhật-bản-i.198177414.9490973221,
Đồng-hồ-nam-34mm-hiệu-QQ-Nhật-bản-i.198177414.9490973221,
p-4771123-【獨家送dc扇★heran 禾聯】3-5坪 窗型定頻冷專頂級旗艦系列空調,
网盘出售QQ.21552088【福路客服】,
��������ۭ����n�iQ�L�P30028233�j���Ҧw���i�a�j�����Ҷ���̮e���iQ�L�P30028233�j���ҥ]�a�jkqshyw999+���>=20120810+���<=20220810+���O=�p�X��|�g�٤��|�p�X�߳�|Upaper,
k-西宁买身份证【QQ:3035507678 二代身份证购买】2015年01月05日★xm37c6,1
潍坊卖飞草叶子【扣:8229-3OO5】,1
玉门澳洲幸运20QQ:3772431,1
欧宝官方合营『联系Telegram@ZSB01|QQ:1092032980』h8h8t8y8.hs661616666,1
杏彩平台登陆地址lyl123456【┋稳定217⒋31┋扣〓】,1
最新关键词快速排名方法-(扣)q:6572-80083】.hly-gifs,
馬蹄扣手袋-1020201907,
"哈尔滨外围女上门(哈尔滨外围小姐预约)【▲预约联系微信：JY11960，QQ：1048909686，全国一二线城市及部分海外高端外围预约,商务模特预约,高端商务伴游预约,高端一手资源,外围女模特预约,空姐,学生学妹等,全国各地区均可空降上门,诚信靠谱-非诚勿扰！】.nve",1
劫持流量变现『联系TG:@echo188|QQ1092032980』h9h9t9y9.2022年9月9日4时23分31秒-jo0uagzkq,
Bao-cao-su-ngón-tay-QQ-i.147132421.7089747350,
Bao-cao-su-ngón-tay-có-gai-QQ-i.147132421.21762464387,
杭州约美女全套83757326微信一扫,
30576964-[ngc]-皮克敏2（pikmin2）上手指南-&-難點解答-(,
菲律宾赌博案件  QQ：2367345950  【Telegram  电报号】@kjl12345,1
做留学文凭-做国外文凭-办uscq-薇239093618办理阳光海岸大学,1
棍武器防身+扣扣：773613061【★货到付款★,1
k-总统娱乐城怎样赢【QQ:76779222】2019-01-16,1
k-第一足球网论坛【QQ:76779222】2019-01-04,1
腾龙国际开户联系方式17028460999+QQ+261640605】.rlz,1
腾龙国际开户联系方式17028460999+QQ+261640605】.rlz,1
121204846-iphone抗菌防摔手機殼.美國sonix,
香港420飞草叶子扣1O7197O6,1
假冒 UMKC文凭证书成绩单{薇Q26972882,
25650011-kate手扎第340篇◎韓劇◎魔女柔熙（1）◎魔女,
秃子组好一把多少钱4999O643蘶QGg,
联系管理微信：hnav38   QQ：80424040,1
p-7481460-【lock & lock 樂扣樂扣】pet提把冰箱側門水壺2.6l,
数藏产品联系QQ593232120&usd=mxa3r2xhrq,1
25650169-kate手扎第491篇◎韓劇◎伊甸園之東（12、14）,
110546159-【博客來試用心得】-coser必看&#12398;cosplay手作,
淘宝女装QQ:358594241,1
Binghamton学历认证{薇Q2965672,
398476534-【台中食記】love73house手作廚房，義式料理、,
赣县冰毒【扣11446386】,1
464047331-台中手搖飲料懶人包,
list-0-兴隆约情人网站＋З19337670_Φ&quot;扣rgw,
(20803338vx)安庆手机分析仪软件,
大理k粉买扣扣93o63895,
80910312-【特惠活動】thomson-湯姆笙-tm-sav11d-手持無線,
百达翡丽最贵手表图片(高_仿_名_表+薇591_507_333)wYQRO&amp;amp;amp;amp;,
328720921-麵線研究所,
QQ-CANA-Mút-Tán-Kem-Nền-Maycreate-Hàng-Nội-Địa-Trung-1-QQ-i.303673459.9646616930,
QQ-CANY-Set-10-Móc-nhôm-phơi-đồ-trẻ-con-cao-cấp-1-QQ-i.303673459.6286852108,
404017466-台中~千越大樓-廢墟老屋-台中ig打卡風潮-街頭,
托福答案_【QQ:155066363】24nwt2,1
Imperial本科毕业证成绩单Q薇2801371289【学历认证】办理帝国理工学院IC本科学生ID卡offer录取通知书,1
【82837113十v】四平扎金花高科技设备,1
豹子顺子对子【主管QQ:6667289 TG:zzhou01】The financial classes are a scamt8cttc.com,1
458538155-腺病毒?中耳炎、鼻竇炎、扁桃腺炎一起來之,
404424751-【唇部保養】lisa-larson--x-jnl日本天然物研究所,
针孔相机【8781扣8332扣】扣薇同号[汉子1-3],1
168513426-台中隆乳手術-chic-choc-櫻花qq凍(凍狀化妝水)60g,
QQ-ME-khung-viền-GoPro-Hero-5-6-7-8-black-13-QQ-i.303673459.7386868726,
search-福州身份证号码【QQ:83076808 淘宝交易】福州身份证号码xjbhxf-quanbu,1
极速赛车开户网址【QQ+1960544111】.npi,1
澳门420飞草叶子扣扣【294115444】,1
尖扎县旅游最佳信誉  Q２６８４９２８２６８口碑最佳,
240070123-丸太町的内藤炸豬扒＊豚カツ,
195830318-181.魔鬼戰將：絕地戰線-pc-英文版(內附中文手,
list-0-宁阳县买冰毒扣【249999411】,1
办广西医科大学毕业证【薇信QQ120179718】,1
[별지 제54호 서식]_lga_lgalaw_jNSbUfTee40xbQZn_20130814153945517_1.hwp,
225270755-【sunco】25吋-世界最輕框架箱!-手把抗菌!-鎂合,
list-0-和田飞草叶子扣27779145,
Golden-Abacus-Keychain-金色算盘钥匙扣-i.347549316.7981774125,
Golden-Abacus-Keychain-金色算盘钥匙扣-i.347549316.7981774125,
鄭欣宜-豪宅-女歌手-ctb029-cc-1244364,
���䤤��j�`�`emba�iQ�L�P30028233�j���ҥ]�w���i�a�j����Ҫ��ǤΡiQ�L�P30028233�j���Ҧw���a�j9ekausyhn+���>=20120729+���<=20220729+���O=�p�X��|�g�٤��|�p�X�߳�|Upaper,
���䤤��j�`�`emba�iQ�L�P30028233�j���ҥ]�w���i�a�j����Ҫ��ǤΡiQ�L�P30028233�j���Ҧw���a�j9ekausyhn+���>=20120729+���<=20220729+���O=�p�X��|�g�٤��|�p�X�߳�|Upaper,
英国学位证书_Liverpool利物浦大学毕业证书Q薇418049015_Liverpool毕业证成绩单University_of_Liverpool,1
办理加拿大大学学历买加拿大大学文凭薇扣857767150买ufv,1
Bình-xịt-vệ-sinh-mạch-điện-tử-QQ-58-i.18753164.6465647463,
Bình-xịt-vệ-sinh-khuôn-QQ-71-i.18753164.6962650710,
s17w2rs|寿宁县K粉+11OO4296K粉QQ,1
那种射钉枪可做鸟枪_今日推荐※扣扣:２２０８５３０２７０※降价通知_,1
detail4013-9吋【尚朋堂】空氣循環扇_SF-908,
(电)17088622228福利来娱乐网站嵇...QfBviT..564,
力月西催眠藥在哪里買Q┛1９４5６2３53購買春藥催情藥,1
微信扫雷红包输QQ:2621233 网址:cai.ba,
QQ-Combo-2-mặt-nạ-nứoc-hoa-hồng-QQ-i.303670510.8546581967,
贵阳用友软件销售电话+SEO+Consulting+Service+QQ:50317349,1
办QU文凭（皇后大学学位证“（扣薇：1151714,1
220230363-【mit手作洋裝】,
107386168-[分享]-【紙東西雲頂寫真，iphone-手機殼自己,
千寻QQ群718534426 LRIL8,1
陆丰婚姻出轨调查Q80433135,1
丽水楼凤少妇兼职QQ82206435,1
男友-移民-分手-ctb091-cc-1327516,
申请Parsons学历学位认证Q薇28013718,1
297832892-信彰中醫診所--腰酸背痛治療記錄--壓x揉x按x,
_代办美国毕业文凭_CSUN毕业证_q薇1213360057办理加州州立大学北岭分校毕业证成绩单_CSUN学历认证California_State_University_Northridge,1
汤头条蓝奏云【Q∶2200389658】.fmn,1
QQ-Dép-cao-gót-nữ-đính-đá-sang-trọng-QQ-i.303669055.8446577426,
QQ-CANY-Bộ-cọ-bình-sữa-5-trong-1-quay-360o-1-QQ-i.303669055.2948335325,
sat�s���Үe�iQ�L�P30028233�j���Ҧw���i�a�j�W�Z�ڶ���ҭ�𲤡iQ�L�P30028233�j�N�Ҧw���O�١jpvbkkm2fk+���>=20120802+���<=20220802+���O=�p�X��|�g�٤��|�p�X�߳�|Upaper,
sat�s���Үe�iQ�L�P30028233�j���Ҧw���i�a�j�W�Z�ڶ���ҭ�𲤡iQ�L�P30028233�j�N�Ҧw���O�١jpvbkkm2fk+���>=20120802+���<=20220802+���O=�p�X��|�g�٤��|�p�X�߳�|Upaper,
❇เทปผ้า-1-2-นิ้ว-QQ-Tape-(8-หลา)✯-i.306598110.11120335521,
❇เทปผ้า-1-2-นิ้ว-QQ-Tape-(8-หลา)✯-i.306598110.11120335521,
手机电玩城注册送分+QQ：5662146,1
爱尔兰-DBS假都柏林商学院文凭证书Diploma-QQWeChat-16889-9991-专业办理DBS毕业证-学位证改GPA总学分-Dublin-Business-School-Undergraduate-Diploma-Degree-Transcript,
铜川王益区bd护士场所11281713薇了准gt0,
2-Unids-set-Para-Chery-QQ-Tiggo-3-5-A3-Coche-Botella-De-Agua-Diamante-Posavasos-Universal-Reposabrazos-Bebidas-Gel-De-Sílice-Titular-De-La-Taza-Alfombrilla-Antideslizante-Almohadilla-Auto-Accesorios-Interiores-i.471834446.19015654337,
2-Unids-set-Para-Chery-QQ-Tiggo-3-5-A3-Coche-Botella-De-Agua-Diamante-Posavasos-Universal-Reposabrazos-Bebidas-Gel-De-Sílice-Titular-De-La-Taza-Alfombrilla-Antideslizante-Almohadilla-Auto-Accesorios-Interiores-i.471834446.19015654337,
鄯善约炮【V:kgg398】<-鄯善快餐鄯善模特请加V:kgg398----Q68364,
欧洲杯，ｌｅｙ６６．Ｃｏｍ【扣扣，8683730】tZ0,1
��上网赌被黑了怎么办 在线咨询QQ：1617007792,1
k-黑河哪买大麻扣【753361152】,1
149049593-【博客來折扣】tsuwamono-!!-~-空手道美少女-~-2-,
开云代理后台『联系TG@yabo05|QQ:1092032980』h8h8t8y8.zs4yi0io20i,1
盡快出貨-現貨-代購-阿仁牛軋餅-雪Q餅（肉鬆-旺來-花生-招牌-抹茶-Oreo-香柚）團購-i.8326944.3315693318,
盡快出貨-現貨-代購-阿仁牛軋餅-雪Q餅（肉鬆-旺來-花生-招牌-抹茶-Oreo-香柚）團購-i.8326944.3315693318,
现金赌场赌博QQ:3433018182,1
358232183-柚子媽媽【愛嚐鮮】宵夜、應酬好幫手--q.one,
507530437-【lock-&amp;amp;-lock-樂扣樂扣】鉛筆造型不鏽鋼,
集结号游戏中心上分（葳7470293）,
Kẹo-trà-sữa-trân-châu-đường-đen-QQ-Ball-i.34910229.5460960315,
Kẹo-trà-sữa-trân-châu-đường-đen-QQ-Ball-i.34910229.5460960315,
225438728-【台劇介紹】人際關係事務所,
"欢迎高权重外推软件QQ:1716160940,房石:vfiry_考试寄生虫快速排名怎么做",1
226422002-朵妮小手烘焙,
359531335-大園體質調理減重中醫診所-台中西區更年期,
114833234-【博客來週年慶折扣】鐵三角-at-cw5-棕色bw-高,
(11663572微芯)龙川妹子(美女出台)QQ微信上门联系方式csJ.html,1
QQ-QZQZ-các-con-phố-ray-tàu-hoả-thomas-3-toa-mini-(-ảnh-clip-thật-)-13-QQ-i.303670510.9946636678,
google梨树区附近(美女)找(服务)包夜(上门)【QQ1329646517】.oib.0622,1
Bình-nóng-lạnh-gián-tiếp-20L-FERROLI-QQ-EVO-20AE-Tặng-02-dây-cấp-lắp-bình-Chất-Lượng-Cao-i.11223149.703994620,
Bình-nóng-lạnh-gián-tiếp-20L-FERROLI-QQ-EVO-20AE-Tặng-02-dây-cấp-lắp-bình-Chất-Lượng-Cao-i.11223149.703994620,
大米哟哟高粱收割机+vx:8324763+玉米营养+玉米优惠+高粱哟哟大米包装+种子新鲜+收割机营养+收割机新鲜+qtmr3,
"469300754-雙子殺手-(gemini-man),-2019",
183053735-小qq私物大公開-(4m)---手搖鈴篇,
《一分钟快三如何长期盈利》扣+4728070+dwgxz,1
香港财神爷图库五点综合来料Q群23871221501iuz,1
360337338-類型電影傑出的一手：《無聲》演員亮眼、張,
假证上哪QQ2082009892 淘宝交易假证上哪wwrtts,1
80379862-【老公的禮物】-卡西歐-sheen-手錶-（旦那さん,
205566129-ウェビナー中の挙手,
QQ-ไบโอฟาติน(ที่ปลูกคิ้ว)-i.549505219.12618536421,
QQ-ไบโอฟาติน(ที่ปลูกคิ้ว)-i.549505219.12618536421,
item_小薇流ひと手間で本格中華のおかず_2773891,
455969600-【手指按摩推薦】我的行動spa按摩師ⓑirestore-,
k-【网站外推编辑 十扣４１００５０６欢迎咨询】xju,1
24691706-范范童裝批發網-(石牌),
63170203-[-體驗-]-媽媽寶寶在家一起動手做，把記憶都,
389610766-使用心得開箱文【sony】mp3-usb手提音響zs-ps50,
118613748-iphone手機殼推薦.spigen-classic-c1,
保留）（二手）歌林魔力調理棒（無量杯）-32589412,
�^���j�Ӱ|�iQ�L�P5335014�j���~�U�j�W�իO���G�w���]�W�j�j�@�ɱƦW�ġiQ�L5335014�j���O���G�w���]�W�jyzpgzv+���>=20120810+���<=20220810+���O=�p�X��|�g�٤��|�p�X�߳�|Upaper,
�C�{����Ҥf�w�ơiQ�L�P30028233�j�N�ҥ]�a�jgmat�u�ҩMprep�iQ�L�P30028233�j�N�ҥ]�w���i�a�jzen53i2f0+���>=20121008+���<=20221008+���O=�p�X��|�g�٤��|�p�X�߳�|Upaper,
�C�{����Ҥf�w�ơiQ�L�P30028233�j�N�ҥ]�a�jgmat�u�ҩMprep�iQ�L�P30028233�j�N�ҥ]�w���i�a�jzen53i2f0+���>=20121008+���<=20221008+���O=�p�X��|�g�٤��|�p�X�߳�|Upaper,
25650083-kate手扎第412◎韓劇◎咖啡王子一號店（15-16）,
151 谷歌搜索留痕飞机 lishengzhe以及360站长QQ群相关服务！ADID94572546,
349183555-(寶寶手指食物)寶寶版懶人披薩-免揉麵團,
做韩国cnu文凭办理忠南大学毕业证成绩单薇扣8577671,1
232266322-【樂扣樂扣】classics系列保鮮盒-長方形1.1l-$補,
485757884-黛安芬-premium奇幻風情系列-水感動魔術低v托,
مشخصات_ساعت-مچی-کیوکیو-مردانه-مدل-QQ-3074-G~id~3416401,
QQ-Váy-thiết-kế-cao-cấp-QQ-i.307937688.9211458293,
QQ-Bông-tẩy-trang-222-Miếng-Sợi-Cotton-Thiên-Nhiên-QQ-i.307937688.6077905439,
微投百家乐qun【QQ客服∶1824833048】微投百家乐，密聊群内实时监控，全程真人在线发牌，千万奖池实时派奖】微投百家乐qun【QQ客服∶1824833048】微投百家乐，密聊群内实时监控，全程真人在线发牌，千万奖池实时派奖】b4lw4etc5,1
bDZ2b0RSN1BXUXRacm93VDNMbDZaY3JtaHFZVEdjQWtZNDRnSjdTNFdsMGd5U0VoaG1WdkYybktUQWtuUHA5d21tQk5LT3pOZGZ1K01jMHoxZFhjSUlERk05a2NDSjU5MllySURxWWRxZjlhb1dHVi96MFZnTko5bFJFUXpYOU5zN05LL281cFNaWnlIRDhocTRRNFFmb3hFNnBHNjlEb1dickJVcG5PNjlrODFXTFFKMmY5MTFQY0F3V0lBVHp1MkdBVmtoSXFzMm1MOVNVanFnaysvSVBuZmNKcTBjR1BCQmxVY2dIcFlYS3d2dDhJV3NwTS91SXp0SFN2WFl5ZVNXMEZGZVorRW5aYXJlSllVb2JBcHhKLzhvbkErUmRMNG9VSzgzRmdQQURKMDVROEFnVjdCelpzRlBwWDlBU3ptd3N0VHR5RFZzamNwRWthTDRhaVdkWk1valhLY2Nva3NobUdwUXpRd0lXblZJaDdBM01vM3VYa1pzbDZwOFhFVFdZS0xqblJJa3JaYzdKSzIwZWdhSDVTOUNUZHhZS0pqOWNCcHNZbjBZcmEwMnpWa1dsNnFrOGZEL3hYellkbnJiTk5uKzRPK1o1WC9aK3ROdHNvODhUMG1yNVdJeVBxOW4xRzRYQnZyQUZleW1tTlMzc2M1dE5KbjNmMlpvTlViTFpoa1JPSGUva3AvNjkxS2l5K3poVHl4V04yQnBKUGpOVWFSQi9yWW9BPQ==,
230775442-lowrys-farm牛角扣外套,
121798819-i-shi-fashion日韓鉚釘扣頭腰封(-橘),
【文凭定制】siu南伊利诺伊州大学毕业证-认证扣薇3289708,1
154108604-【博客來大力推薦】替身棒球手-3-【書評】,
34092285-購物-推薦【cherry】cherry-f16-plus-一手遙控定高,
扣3475871047同仁怎么找富婆wzdfxx,1
k-东森时时彩官网【总代QQ:149102545】★lukqaw,1
fc2-ppv-1743906-【asmr★モナシ】バイトがないので、イケナイ所,
我想找优游代理注册怎么注册【总代Q305829927】名游戏RedAlqhz,1
310988935-大家源-18吋工業座立扇-tcy-8618【好康推薦】,
Olympus-tough-TG-5-相機及配件組（二手）-i.2405916.1664519572,
Olympus-tough-TG-5-相機及配件組（二手）-i.2405916.1664519572,
25650088-kate手扎第417◎韓劇◎餅乾老師星星糖（1）◎,
29134540-[教學]機殼風扇的常識,
绥芬河weed(420)老机长飞行员扣88O17237,1
营口老边区模特会所(71359189VX)其意,
香港惠泽社群中特网【五点综合来料Q群:238712215】tirni,1
3=KY0TK&G=9&D=HZ9QI&J=9TNdC&K=yO2F_9vap_J6_zqju_06_9vap_IA5MD.7tEx-Nv1uDz.9A_MYsg_Wn5uPk1GDwDv-8qLz8i-17K3DAD-x59-Pv11r6i-30896Im-IBGt1-3Dj59Oi-36Hm-3zAz1-u0tBr-Gm7rGqJr-Y_zqju_06&u=H3IC89.DvO&qI=Je0TL,
public_transit-兴隆靓仔QQ炸鸡架鸡叉-Shenyang-site_132324904-5398,
119474720-【博客來折扣】marumi-super-dhg-cpl多層鍍膜環型,
229560830-【台中刑務所演武場】道禾六藝文化館：台中,
499880513-【kate-spade】kate-spade-margaux金字logo牛皮拉鍊手,
323082043-日本天然物研究所,
Hunter-上開扣Pioneer中型尼龍後背包-橄欖綠-全新-i.23171785.14887866476,
Hunter-上開扣Pioneer中型尼龍後背包-橄欖綠-全新-i.23171785.14887866476,
325915155-代替月亮懲罰你《美少女戰士》手遊，魅力登,
2521375-團購-超搶手【限時7折】panasonic-國際-eh-ne57-吹,
网赌追款后付(Q)1827849③,1
209265817-【樂扣樂扣】classics系列保鮮盒-正方形680ml-♥,
新百胜平台总汇【17088633210sywl】nQK,
鹿泉中专毕业证样本QQ：79691638,1
中国 广东 广州市海珠区 北京路 QQ:328439330,1
军用电棒+5868-353-扣扣电棍765,1
百家乐网址大全QQ:946999519,1
859422-加拿大毕业im-a-spammer-ignore-me-pleaseq薇193998606办理康卡迪亚大学成绩单、代办真实留信学历认证、录取通知书、雅思托福成绩单、在读证明concordia-university,1
吉宝彩票是不是黑台子QQ:3664674,1
130868720-京都購物★吃的手信,
风云足球直播足球财经(QQ)534789958抓nbbz在蓟...vzw5gh..vw4,1
(QQ)1716160940OPPO手机官网外推工具茅...y8pq9f..n7k,1
32889088-samsung-a70-手機電腦資料傳輸,
350675126-愛買dm-相機-手機-mp3-【攝影棚閃光燈】160w閃,
_加拿大文凭_Lakehead湖首大学毕业证Q薇695640122_Lakehead毕业证_学位证办理一手制作原版_渠道操作真实学历认证_使馆认证_真实湖首大学毕业证,1
八達通網上付款-消費券-實體卡-手機-ctb028-jc-1292195,
785 谷歌搜索留痕飞机 lishengzhe以及QQ群引流软件手机版相关服务！ADID48197449,
办首都体育学院学位证【薇Q89058959】,1
MOTOR-MÁY-MAY-GIA-ĐÌNH-180W-QQ-i.49625128.2064512372,
MOTOR-MÁY-MAY-GIA-ĐÌNH-180W-QQ-i.49625128.2064512372,
560438676-團購網【HARIBO哈瑞寶】小熊QQ水果軟糖+盒裝(450g)開箱,
234250715-【lock-&-lock-樂扣樂扣】pp保鮮盒3.4l-b2c12附濾片,
مشخصات_کلت-جفتی-اسباب-بازی-توپ-پران-دو-نفره-QQ-GUN~id~4647542,
25649767-kate手扎第66篇~韓國電視劇~醫家兄弟~喜歡秀勇,
14220908-超狂低價~開箱【獨家送dc扇★toshiba-東芝】★6,
娱乐-《你好，神枪手》官宣主演-20200923,
k-时时彩合尾什么意思【总代QQ:148039420】★sqfmqf,1
مشخصات_ساعت-مچی-کیو-کیو-مردانه-مدل-QQ-2950-G~id~3416396,
远程针孔无线摄像头Q加⑾➏➐薇⑼0㈤⑼HHGTQ20221125,
936 谷歌搜索留痕飞机 lishengzhe以及QQ一键引流软件制作相关服务！ADID12147784,
美国_KSU假文凭_QQ_微信1936610816能办理肯尼索州立大学毕业证成绩单留服认证留信认证使馆公证Kennesaw_State_University_degree,1
造假英国爱丁堡大学毕业证成绩单造假扣薇5010582,1
南京哪里有高端洗浴spa会所 13236285209  微信同号转biawes天_AX0n1,
QQ-QZQZ-Đồ-chơi-máy-ảnh-kích-thích-thị-giác-cho-bé.-13-QQ-i.303673289.4386867359,
QQ-CANA-Mascara-Rilakkuma-x-Kiss-Kylie-Hàng-Nội-Địa-Trung-1-QQ-i.303673289.8346604785,
358875894-台中美食-│-corico咖哩食所,
"特立尼达和多巴哥VR六合彩QQ:3661384,网址:cai.ba",1
list-0-广汉做假货车牌照+50247172_Q~扣,1
25650202-kate手扎第521◎其他劇◎敗犬女王（10）◎掛心,
مشخصات_ساعت-مردانه-مچی-کیو-اند-کیو-مدل-Q-Q)-QZ82J212Y)~id~9792260,
404859880-【momo優惠週年慶折扣】-【櫻花sakura】p018-純,
"香港六合彩手机版QQ:4431294,网址:cai.ba_香港六合彩在线",1
353358068-【書寶二手書t1／短篇_jkj】危險心靈_侯文詠-,
d7kw中国gv演员是真的爽吗【QQ：43468522】,1
【JOJO】樂扣樂扣PP保鮮盒1.1L(HPL815D)-i.93872994.4359178792,
【JOJO】樂扣樂扣PP保鮮盒4.5L(HPL827)-i.93872994.4959194266,
Chuột-không-dây-2.4G-QQ-QM710-chính-hãng-có-sẵn-Không-gây-tiếng-ồn-i.324948903.3271382048,
Chuột-không-dây-2.4G-QQ-QM710-chính-hãng-có-sẵn-Không-gây-tiếng-ồn-i.324948903.3271382048,
办专科证【QQ:769802691】2015年02月26日★fbsdxh,1
224285382-【嬰幼兒服飾體驗】q比芝麻暖心手作寶寶服,
114227939-中壢二手家具收購-中壢二手白向書櫃收購,
luoliao视频QQzbdt[加[Ｑ}Ｑ3180925900[包来包爽i3jm1b,1
留学生布鲁克大学学历证书制作〔q薇1954292140〕制作cmuoffer,1
Q-q-VP46J015Y-VP46-serie-QQ-QNQ-relojes-analógicos-Unisex-originales-relojes-resistentes-al-agua-Ori-Citizen-reloj-de-goma-resistente-a-10-barras-de-cuarzo-accesorios-de-movimiento-para-hombres-mujeres-Rjid-reloj-Rjid-i.682505781.13884443711,
Q-q-QQ-VR19J008Y-QNQ-relojes-originales-de-la-moda-de-las-mujeres-analógico-movimiento-de-cuarzo-VR19-serie-RLOJI_ID-ARLOJI-resistente-al-agua-serie-de-10-años-i.682505781.16349062497,
黑鹰x8电棒318【接单QQ1282896585】2016-05-27,1
338087525-(保養)-phairience霈研護手霜系列,
詹姆斯库克大学毕业证Q薇374936141_购买澳洲文凭_办毕业证成绩单_学生卡使馆认证_留信网认证_James_Cook_University,1
128832083-[實踐fmea手法]網友評價,
QQ-Q-MÁY-KHUẾCH-TÁN-TINH-DẦU-siêu-âm-chiếc-to-TRỤ-TRÒN-có-REMOTE-13-QQ-i.303669055.4786853806,
a2驾驶证被扣12分后怎么办诚*信*制*作*办*理（-v:m13560612),
外推软件工具代发【+QQ号1466673739】,1
十堰网上怎么买银行卡扣扣12242o73,1
Motor-Máy-May-Gia-Đình-Máy-Vắt-Sổ-QQ-180W-i.557814761.11367258778,
Motor-Máy-May-Gia-Đình-Máy-Vắt-Sổ-QQ-180W-i.557814761.11367258778,
k-时时彩后2实战技巧【总代QQ:147964837】★twlwji,1
电玩城捕鱼达人海洋之星6+QQ：5681644,1
"有C1驾驶证增驾D证,需要什么手续定制排版，做证+薇：1821177305",1
辣绿子母扣-1184088994,1
租银行卡一天200扣扣188652175,1
JMRO95008_0000-mimirose-手鏈-玫瑰金和紅寶石,
130173239-生日禮物推薦-alviero-martini-義大利地圖包-pu手,
【Kolin-歌林】手持旋風吸塵器-KTC-UD8132-i.1650432.17430248220,
【Kolin-歌林】手持旋風吸塵器-KTC-UD8132-i.1650432.17430248220,
231253333-【台南安平區】『夕遊出張所』~免門票景點,
黄石哪里有二代身份证买【QQ:80373893 淘宝交易！】bic.354103.cn-factory-sourcing,1
世界杯代理合营『联系Telegram@vb366|QQ:1092032980』h8h8t8y8.hs161166661,1
223486491-【閒聊】asus-zenfone-6---(要不要換新手機？),
66405960-首爾俠客傳-19-$折扣$,
279115733-動手作章魚燒,
119086159-iphone手機殼推薦.case-mate.攜帶電話,
Đồng-hồ-Q-Q-Nữ-QQ-S303J010Y-i.126417969.1940624419,
Đồng-hồ-nam-Q-Q-QQ-S280J102Y-i.126417969.2076218327,
极速赛车微信群托(+V:4073777),
Want-Want-QQ-Gummy-70g-x-2pkts-Wang-Zai-QQ-Gummy-Candy-旺仔QQ糖-Wang-Wang-Want-Want-QQ-Gummy-i.435361035.16824479762,
Want-Want-QQ-Gummy-70g-x-2pkts-Wang-Zai-QQ-Gummy-Candy-旺仔QQ糖-Wang-Wang-Want-Want-QQ-Gummy-i.435361035.16824479762,
济南槐荫区发廊会所⒎6362253薇峰不,
220516044-手作木工鑰匙圈,
QQ-1-Cặp-Ốp-Đèn-Pha-Trong-Suốt-Cho-Chery-QQ3-308---311-2005-2012-i.170585552.13297069910,
QQ-1-Cặp-Ốp-Đèn-Pha-Trong-Suốt-Cho-Chery-QQ3-308---311-2005-2012-i.210113828.20546656398,
QQ-1-Cặp-Ốp-Đèn-Pha-Trong-Suốt-Cho-Chery-QQ3-308---311-2005-2012-i.210113828.20546656398,
QQ-27’s-Essence-Cover-Pack-Cushion-21-CHUSION-QQ-27s-QQ27'S-QQ27s-i.64165590.11920828639,
QQ-27’s-Essence-Cover-Pack-Cushion-21-CHUSION-QQ-27s-QQ27'S-QQ27s-i.64165590.11920828639,
遥控色子原理◆13020280288◆QQ威信同号,1
39517389-最新【大家源】14吋立扇-電風扇(tcy-8101)特賣-,
朔州代考【黑侠霸屏站群：QQ78035613】2015年10月01日★cpx86k,1
list-0-情趣内衣美女真人祼聊qq号码[服务]Q308600038-4-2-0-p1,1
public_transit-因梓均一绝QQ鸡架_福山振华商厦店-Yantai-site_142748519-5434,
952 谷歌搜索留痕飞机 lishengzhe以及QQ无损发红包引流软件相关服务！ADID18439811,
三公一元一分 微信yundunbudan QQ3091387479包abiwe采GRQ,1
抽签【酆道师QQ56７3580】看姻缘yvlfJ,1
【+微信895596027】不知道密码也可以查看QQ聊天记录—同步微信聊天记录.sna,
Q-q-VP46J038Y-serie-VP46-QQ-QNQ-relojes-analógicos-Unisex-originales-relojes-resistentes-al-agua-Ori-reloj-de-goma-resistente-al-agua-10-barras-de-cuarzo-movimiento-accesorios-para-hombres-mujeres-Rjii-i.682505781.17334473076,
k-无影追踪镜头295【询问QQ:1878196864】2015-01-24,1
k-无影追踪镜头295【询问QQ:1878196864】2015-01-24,1
QQ-M-Bàn-Chải-Đánh-Răng-Hàn-Quốc-NO126-(Giao-Mầu-trùng-hợp)-13-QQ-i.303673289.7286859919,
325214520-【教學】手做diy・奶油仿真裝飾殼,
free-fire代打-1168501566,
226831202-【產檢紀錄】第24週-台兒診所。高層次超音波,
4785741-asus-zenfone-5-a500kl-(2g-16g)-5吋4g-lte智慧手機下殺6,
287463625-手撥造型燙-模特兒都常去的髮設計名店-中山,
371551955-michael-kors｜意外納入的小物。mk手機包,
w网娱乐平台授权总代87224137扣扣★6ej,1
V電15600000283张家界斗牛纯手法诀窍,
141369248-最便宜-【獨家送dc扇】toshiba東芝sdd-變頻12公,
403284695-【收納的好幫手】dr.save電動抽真空機，隨身,
如意彩票网怎么样【招商Q321598808】d8ef,1
Pressure-cooker美的电高压锅电压力锅3卡扣-3扣50TGB胶圈皮圈垫圈密封圈-W4in-i.516233827.13722854110,
Pressure-cooker美的电高压锅电压力锅3卡扣-3扣50TGB胶圈皮圈垫圈密封圈-W4in-i.516233827.13722854110,
252820003-限量折扣！canon-mf212w黑白雷射多功能複合機【,
數位黑膠兔【236-90度-左彎-HDMI-雙公-彈簧QQ線-】轉換-100558168424,
百家乐团队改单★将输改赢▓QQ:934519666▓★免密码▓j3r,1
萝莉修车厂 黑人 番号【QQ：45434691】,1
在读证明，实体公司专业、靠谱一手资源d42f1968832,
大四喜电玩城代理商+QQ：1520744,1
47659815-洗錢事務所（the-laundromat）,
【文凭定制】太平洋太平洋大学毕业证-认证扣薇328970823-2,1
百度外推接单q扣89651584厦门禾山凤凰新闻zpjdil厍,1
331417839-英國折扣季開箱文-洗髮、護髮、髮品空空賞-,
购买林肯大学毕业证成绩单造假扣薇501058216-2,1
天津武清区网红按摩(20241419薇)则才__6_50,
206937385-[2015總結]-2015年k-pop回顧（男歌手篇）,
119816220-傑出的一手的由來。outstanding-move。maravillosa-ju,
猎枪弹药制做QQ：115597819,1
『QQ:6255402』腾讯分分彩计划数据amlqr,1
336196355-「台中。遊記」葵海農場，控窯趣、手做diy、,
赌场开户游戏官网 hn393.com--QQ 403569623；QQ 2708094853；微信 hnmvc23；telegram @xh3399；支持USDT卡人��币充值赌场,1
赌场开户游戏官网 hn393.com--QQ 403569623；QQ 2708094853；微信 hnmvc23；telegram @xh3399；支持USDT卡人��币充值赌场,1
微信刷票价格【刷票 qq:577751255低价接单】tpobcq,1
做美国文凭微信QQ987739625办理阿肯色州州立大学毕比分校毕业证成绩单ASUB学位证学历认证阿肯色州毕业证Arkansas-State-University-Beebe-certificate,1
UC Irvine学历认证{薇Q29656722,1
网络营销策划书qq4100506Q3425748006敖gLK,1
k-乌鲁木齐人力资源管理师证书办理【QQ:746898352】3m3d2【百度推荐】2015-02-09,1
k-盐城人力资源管理师证书办理【QQ:746898352】ttu8p【百度推荐】2015-03-04,1
公共交通-小公主亲蛙撞奶_QQ_Milk-Shanghai_上海-site_46597664-3000,
网上的森林舞会高手（┿嶶5925538）,
uncensored-fc2-ppv-1680807-【完全素人99】マリン２０才その５、完全顔,
149015969-【博客來雙11】競艇少女9-【博客來折扣】,
whatsapp虚拟视频替换摄像头+Q:+2334488888】.pwv,1
【咨询+微761114880】远程控制定位别人电脑QQ、微信聊天记录—查询开房记录.pkc,
103993249-路邊攤買便宜手機，竟是贓物,
468834356-電影推薦<<雙子殺手gemini-man>>我不認識我自己,
打猎工具出售网【加Q:779721379】,1
283796281-日系手撥燙-不得不去的髮型設計工作室-松山,
เสื้อแจ็คเก็ตแบรนด์ของ-QQ-(Eswallo-)ลายเท่ๆ-มี2-ลาย-ไซด์Mงาน-Outlet-i.2838969.2175034736,
เสื้อแจ็คเก็ตแบรนด์ของ-QQ-(Eswallo-)ลายเท่ๆ-มี2-ลาย-ไซด์Mงาน-Outlet-i.2838969.2175034736,
QQ-Váy-nữ-Zara-xuất-QQ-i.303673459.9346466242,
香港SAT答案◆QQ:292266582◆qs9,1
"The-y.-of-electric-car-likes-very-much,-bashful,-want-to-see-more-stimulation-add-QQ-group-:422674877",1
测试google push QQ1984848488 eI6N,1
洋酒老外扣扣3532482271,1
31977995-kate手扎第600篇◎小說◎不朽之心（evermore）◎,
BÌNH-NƯỚC-NÓNG-QQ-SE-i.74927753.1318709413,
BÌNH-NƯỚC-NÓNG-QQ-TE-i.74927753.1318672296,
list-0-约会桑拿717746292_扣_扣irs,1
珠海约妹子桑拿11693371微信护手,
53346673-好評-最便宜atake-顯示器扁線-15公對公-3m(acb-fl1,
tim-viec-lam-武汉丝足会所【电微:18627119293】靠谱【QQ:1705030091】,1
tim-viec-lam-武汉丝足会所【电微:18627119293】靠谱【QQ:1705030091】,1
224583777-【萬中選一的手工皂】水由白十天然皂-‧-透,
27800636-kate手扎第545篇◎韓劇◎市政廳、city-hall（5~6,
556466009-尼古拉斯·奧托（nicolaus-otto，1832年6月11日－18,
胶南易房网[加[q】q]16758625]胶南易房网代写代发表包满意2015年3月dxw,1
227226527-【東京自由行】東京旅遊行程快速上手！,
11724617-狂歡樂殺~開箱【獨家送dc扇★toshiba-東芝】5-1-,
【全網最低】QQ號凍結-解凍-qq-賬號-QQ號-解封-qq賬號暫時被凍結-短信驗證-人臉解凍-JF-好友掃碼解凍-輔助-i.419376873.3785818857,
【全網最低】QQ號凍結-解凍-qq-賬號-QQ號-解封-qq賬號暫時被凍結-短信驗證-人臉解凍-JF-好友掃碼解凍-輔助-i.419376873.3785818857,
k-常州个人所得税完税证明办理【QQ:2628929566】cqldi【百度推荐】2015-02-07,1
k-乌鲁木齐人力资源管理师证书办理【QQ:746898352】3m3d2【百度推荐】2015-02-09,1
25649737-kate手扎之第22篇~韓國電視劇~天橋風雲﹝台譯,
34482835-kate手扎第651◎日劇◎boss-s2（11）◎其實，兩,
45349067-柯文哲：我出手，釘子房錢統統都沒有-(回應,
su1rs专业信誉裸聊QQ号码是多少【服务妹Φ359503383】2015年12月27日★507010su1,1
QQ-Combo-2-bịch-hạnh-nhân-tách-vổ-QQ-i.307937688.6777905394,
61ffcc8e7cc7fc0c9184815b-開運屋手工QQ蛋地瓜球,
越南开发的游戏软件有哪些【QQ:15948332,1
detail7722-16吋_【SAMPO_聲寶】_DC直流節能風扇_SK-FJ16PD_／_SKFJ16PD,
中国岩土网外推排名代做824550398(扣)莘...resv2u..gmm,1
眉山技师怎么找12733821微信展露,
【小西正品】二手-LV-路易威登-Vivian-薇薇安-中古包-手提包-M51172-購物袋-i.70975158.12595914219,
【小西正品】二手-LV-路易威登-Vivian-薇薇安-中古包-手提包-M51172-購物袋-i.70975158.12595914219,
169358585-【自修學英文叢書-週年慶折扣】商用英文：,
utelpaso毕业证〔扣-薇1473277057〕＜毕业证认证开学季福利＞utelpaso,1
315101602-日立-充電式起子電鑽ds18dsdl【居家幫手】,
เทปผ้า-เทปแล็คซีน-1-1.5-และ-2-นิ้ว-QQ-Tape-ยาว-8-หลา-มี12สี-i.87642797.6505962637,
เทปผ้า-เทปแล็คซีน-1-1.5-และ-2-นิ้ว-QQ-Tape-ยาว-8-หลา-มี12สี-i.87642797.6505962637,
《蠟筆小新》QQ鴨軟膠公仔-i.15524785.3675934892,
《蠟筆小新》QQ鴨軟膠公仔-i.15524785.3675934892,
广州高端模特(vx)279695779周...6ylrrq..tae,
"江西时时彩苹果版QQ:4431258,网址:cai.ba_江西时时彩正规",
█A.ιA゜14K-gold●-「1pcs」瓜子扣Color-necklace-pendant-zircon-pendant-clip-crystal-pendant-diy-diy-i.130102591.4668704630,
█A.ιA゜14K-gold●-「1pcs」连接扣Color-lobster-clasp-spring-clasp-bracelet-necklace-link-clasp-DIY-i.130102591.9603060501,
353962321-haier海爾手持除蟎吸塵器｜不鏽鋼濾網＋hepa濾,
419481622-xin-馨手作,
312699908-謝承霖+《低頭人生》+Life+Smartphone+手機低頭族必看。,
Greenbell-แหนบแพ็คคู่-(QQ-503)-i.83256.4415776053,
k-保定个人所得税完税证明办理【QQ:2628929566】a6qbk【百度推荐】2015-02-08,1
qq真实房间色情QQ号码是多少 209397870_Q_Q号,1
209771405-购买二手-Live,
354114508-【家電】healthlife多功能隨身風扇,
25650145-kate手扎第468篇◎韓劇◎聚光燈（10）◎算盡心,
31886185-【9m4d】米咕自己放手站,
32526189-kate手扎第618篇◎韓劇◎秘密花園（1-2）◎百,
补办Flinders学历文凭毕业证成绩单Q薇87527357弗林德斯大学毕业证学位证文凭学历认证留学认证教育部认证1-1制作电子图修改GPA成绩Flinders-University,1
乔缅甸龙源８５６３８８４微信QQ同号】郁巴璩,1
q_1:1仿真气枪757【接单QQ345245】2016-02-05_ctg_音乐_t_4_page_1_p_1_qc_0_rd__site_cntv_m_1_bitrate__af_0,
(二手)yoiko-room腦內警察error版yoiko-omocha-i.65595207.14217601547,
(二手)yoiko-room腦內警察error版yoiko-omocha-i.65595207.14217601547,
KOK官网商务『联系Telegram@yabo05|QQ:1092032980』h8h8t8y8.hs616661166,1
景德镇学生会所58197753微信天吓,
229564448-【手遊】食物語---瑞雪迎春活動紀錄,
大丰办理真实出生证+780253189_Φ+扣xxbxvf,1
浙江音乐学院14731415VX美女休闲场所TK9,
438730924-dacci-打趣-法式廚房,
Vestido-SONGKET-DRES-buceo-mezcla-BRUKAT-navidad-DRES-ropa-a-QQ-HV-REAL-PICT-sí-25588-i.734205567.12993348372,
Vestido-SONGKET-DRES-buceo-mezcla-BRUKAT-navidad-DRES-ropa-a-QQ-HV-REAL-PICT-sí-25588-i.734205567.12993348372,
43486910-【客訂ig】手機殼-oho62,
SANLUX-台灣三洋-8吋-DC智慧循環扇-SBF-C08DR-渦輪式強氣流-i.4720430.8578411935,
SANLUX-台灣三洋-8吋-DC智慧循環扇-SBF-C08DR-渦輪式強氣流-i.4720430.8578411935,
346996420-[2018最新。日本lcc]-手提行李(隨身行李)-重量-,
英国学位证书_LSBU伦敦南岸大学毕业证书Q薇418049015_LSBU毕业证成绩单London_South_Bank_University,1
【pk10鉜QQ：8091566】,1
🔥Condiment-Seasoning-荏原烧烤酱汁微辣日式BBQ酸甜烤肉汁腌料烤肉酱调味料蘸酱料300gFlavoring-Sauce-調料-i.372866387.13412902392,
🔥Condiment-Seasoning-荏原烧烤酱汁微辣日式BBQ酸甜烤肉汁腌料烤肉酱调味料蘸酱料300gFlavoring-Sauce-調料-i.372866387.13412902392,
345164120-【有雷】《台北歌手》第三集到第六集-菜刀,
list-0-南京大麻扣【239115568】,1
QUẦN-SHORT-VIETGANGZ-QQ-WHITE-i.368644420.9712529279,
QUẦN-SHORT-VIETGANGZ-QQ-WHITE-i.368644420.9712529279,
公共交通-口福QQ極品全自助餐（五華店）-Taipei-site_37375440-3843,
tim-viec-lam-﻿外围女预约【微信：nn785439722  QQ：785439722】﻿外围女预约﻿外围女预约,1
detail2280-14吋【SANLUX台灣三洋】_機械式定時方型扇SBF-1400TA1_／SBF1400TA1,
Đồng-hồ-nữ-Q-Q-QQ-Q979J111Y-i.474033569.12952660858,
Đồng-hồ-nữ-Q-Q-QQ-Q979J111Y-i.474033569.12952660858,
20170603-塔林手册20出版-汇整网路战争规范,
玉林模特推拿(63787939VX)找些,
31598626-樂扣樂扣耐熱玻璃保鮮43折,
3830662.QQ有没有网赌追回成功的,
哪里有办户口【办证十QQ-１９８０９９２９９】,1
fc2ppv-1165141-【完全素人54】jdマリナ19才その５、完全顔出し,
list-0-宜城市在哪买大麻扣【917611563】,1
Bộ-10-chụp-sứ-QQ-150-loại-đẹp-i.3390941.3547211276,
Bộ-10-chụp-sứ-QQ-150-loại-đẹp-i.3390941.3547211276,
谷歌搜索留痕飞机 lishengzhegoogle留痕收录外链推广以及QQ推广引流网站服务！AD100419142,
44399569-kate手扎第820篇◎韓劇◎《羅曼史是別冊附錄,
102718693-妖怪手錶-攻略匯集,
Xpower-BF01冷、暖無扇葉風扇-+-+-C2108376-,
304819688-紫丸電影中日文-雙子殺手,
扣扣1749068054,1
"〔별지 제19호,20호서식〕_lga_lgalaw_uFjRLTAEE4NQOQj1_20130725104827577_1.hwp",
14215706-超狂低價~開箱【送dc扇抽滾筒★hitachi-日立】3,
131 谷歌搜索留痕飞机 lishengzhe以及QQ群推广引流相关服务！ADID39964964,
MOTOR-MÁY-MAY-GIA-ĐÌNH-QQ-150W-i.98601187.1920236310,
MOTOR-MÁY-MAY-GIA-ĐÌNH-QQ-150W-i.98601187.1920236310,
52881513-【領航者】30吋溫莉風情精品吊扇+多燈-(古銅-,
扣扣26 97288251ISU本科文凭证书,1
第122章：振金手套（求订阅）_31780352861542433,
k-办学历淘宝交易	【 支持淘宝付款！ QQ:3042816919】2014年12月06日★407,1
20180818-墨西哥查扣50吨冰毒-数量创新高,
『玉薄团2之玉女心经【騒女裸瞭QQ【2361622889】』,1
H4sIAAAAAAAEANNISs5M0U1KrSpNL87LL8q10ohUNU3WNTQwAFHuIMI1NAxEOYLFLUGkloJ/kAIBdZoKjn4uCsUFpUkllQUGVql5JZoAcFabl2wAAAA=,
272116681-開架必看【face-q】絕世美肌-牛奶滋潤手足膜,
杭州上城凤楼信息论坛＋930694452_q扣ō号,1
38003385-[試吃]-105%手工餅乾~蛋黃酥(紅豆-綠豆)+土鳳梨,
102506019-《聽說你跪求分手[快穿]》作者：羽小樹,
QQ-QV-Thức-ăn-cho-mèo-Minino-1-3kg-Gói-siêu-tiết-kiệm-13-QQ-i.303669055.9846626823,
25650187-kate手扎第506篇◎韓劇◎伊甸園之東（30）◎ㄧ,
345308591-《屋頂上的提琴手》-歌頌對女兒們不滅的關,
42270232-【台中。石岡】攜手走過一輩子，情人木橋,
ms.c.eJw9zMENwEAIA8GOIuAw2P03FulI~_I5WGzRSMAOrm~;3EhRQHtKDAyQQ~_gPUUtlAKc~;dcmEf~;D3jdx~_ECBvQCchsb6w~-~-.bps.a.2808894885867799,1
sunony【QQ：1810382777】,1
win7安装打印机0x0000000d,
120680955-❤2020宜蘭親子景點【林場kids扣屋】超療癒小,
30260283-hometown-development-換季折扣-(101.10.9-27),
-米特3C數位-曜越Commander-C31-TG-ARGB風扇中直立式強化玻璃機殼-CA-1N2-00M1WN-00-i.1776887.2048395915,
-米特3C數位-曜越Commander-C31-TG-ARGB風扇中直立式強化玻璃機殼-CA-1N2-00M1WN-00-i.1776887.2048395915,
偏关电棒电棍哪里有卖314【接单QQ1282896585】2016-05-22,1
Tiras-Adhesivas-De-Fibra-De-Carbono-Modificadas-Para-Coche-Pedal-De-Maletero-Pegatina-Antiarañazos-Para-Chery-QQ-Tiggo-3-5-A3-A5-A5-i.756670409.20728659985,
Tiras-Adhesivas-De-Fibra-De-Carbono-Modificadas-Para-Coche-Pedal-De-Maletero-Pegatina-Antiarañazos-Para-Chery-QQ-Tiggo-3-5-A3-A5-A5-i.756670409.20728659985,
25649769-kate手扎第68篇~韓國電視劇~青出於藍~尹準對恩,
44719243-【自助旅行好幫手】topcashback，訂房購票購物,
205113103-【打臉文】組裝費,
骚本高压气枪扳机图加Q:212273665,1
146641279-【愛情非公式】分手的手，才最溫暖,
221491176-【擠奶幫手】陸製矽膠真空吸力集乳器(集乳,
警察专用甩棍正品591【接单QQ1282896585】2016-06-04,1
333477421-台中一中街美食-牛胖的手作鹽可頌--及推爆漿,
抚州万达大玩家电玩城 QQ：5683948,1
QQ【1127029519】,1
QQ-Bình-thìa-ăn-dặm-cho-bé-QQ-i.303669055.5586826544,
25650033-kate手扎第361篇◎韓劇◎謝謝（13）◎我相信閔,
31257799-kate手扎第580篇◎韓劇◎檢察官公主（7）◎溢,
31847285-asus-zenfone-3-手機檔案上傳電腦,
仿制埃默里大学毕业证成绩单（微信QQ2697288,1
Swarovski - REMIX COLLECTION Star 閃耀星星隱形磁扣手鍊 (5365752),
129010637-[說故事高手]評測,
QQ-CAP-FREESHIP-50k-Túi-đựng-hộp-cơm-giữ-nhiệt-kute-DR100-1-QQ-i.303668981.8246586051,
QQ-Bộ-lắp-ráp-robot-biến-hình-siêu-khủng-QQ-i.303668981.8846468258,
180894529-[[2015聖誕米手繪聖誕卡]],
DJ斌仔舞曲网  QQ 609468730,1
网红主播直播声卡设备全套抖音快手K歌直播手机电脑通用声卡套装-i.315835180.6555484177,
网红主播直播声卡设备全套抖音快手K歌直播手机电脑通用声卡套装-i.315835180.6555484177,
在读证明，实体公司专业、靠谱一手资源052921857,
"广西供卵联系【电18O16O75289】
.woq",
138508948-二手精品區+:+CERVELO+P5,
讀書心得-做人靠手腕-做事靠手段-16eff1610013,
340365459-【體驗】osim背樂樂-真人按摩手感-osim新光三,
36247159-【《黑科技進修手冊》木兮娘】,
做假房产证【咨询QQ：285780248】2015年03月02日★710204,1
224522070-【防疫好幫手】歐米亞-‧-茶樹精油棒~茶樹精,
收购2代身份证【QQ:962966689 淘宝交易！】出售真实身份证号码,1
★新泰一夜晴交友qq群▊齐B妹Q→2978152435▊☆,1
452994518-【台北-中正區／捷運台北車站】queenny葵米-手,
久万給油所（2019-10-2020-3-休日のお知らせ）,
Áo-lót-cho-con-bú-QQ-i.178574427.7704382767,
Áo-lót-cho-con-bú-QQ-i.178574427.7704382767,
池州富婆QQ2205474376富婆网xvbius论坛,1
(印尼) YUPI 呦皮 潛艇堡包 QQ軟糖 (可當便當盒使用) 1個 100 公克 特價 93 元 【4711402827732】,
k-阿勒泰哪里可以买到枪【免定金QQ:61967431试货付款】2015年02月17日★vhfnzm,1
k-E乐博娱乐城会员注册【QQ:76779222】2019-01-06,1
蓝狮在线主管QQ：4444457  zk1w,1
list-0-美女喷水祼聊QQ号码【上门女Φ:3086000З8】_2016-4-1-0-p1,1
219828609-射手座與塔羅節制牌,
479063426-【lock-&amp;amp;-lock-樂扣樂扣】pp保鮮盒-easy-match,
請問耳鼻喉科診所-1589377021,
扣扣3220695776,1
301937368-《專顏制所》純粹潤澤保濕水，一秒就讓肌膚,
Montaje-De-Faros-Delanteros-Izquierdos-Para-CHERY-QQ-Transparentes-Lámparas-S11-3772010-i.633045734.13570245423,
Montaje-De-Faros-Delanteros-Izquierdos-Para-CHERY-QQ-Transparentes-Lámparas-S11-3772010-i.633045734.13570245423,
Montaje-De-Faros-Delanteros-Izquierdos-Para-CHERY-QQ-Transparentes-Lámparas-S11-3772010-i.633045734.13570245423,
po-flagset-fs-73021-1-6-chinese-people-s-armed-police-force-snow-leopard-commando-unit-female-sniper-中国雪豹突击队-女狙击射手-219123345,
po-flagset-fs-73021-1-6-chinese-people-s-armed-police-force-snow-leopard-commando-unit-female-sniper-中国雪豹突击队-女狙击射手-219123345,
list-0-百色刻章【☆QQ:616056282☆】百色刻章☆2016年10月08日h92q2p-1-1-0-p1,
31405736-kate手扎第586篇◎韓劇◎檢察官公主（12）◎同,
47610972-手機無線投影至電腦(以mirroring360為例),
list-0-龙口拿冰毒扣115428292█,1
GGcSgeRaiaJbLTgHOaW674a7cSJ6HWaigge4aTOLRbGGTUjCKTKSQ6022211KS0KjTUQC11T2622ቯጂⰟቍⲋⰖᤁėႸጶጄኂܗᚆፘኸⰜዲდኚფሳⰌስቭⲏქᚚሀძ,
284108659-手撥燙整理-cp值高的髮型設計名店-台北護髮sp,
q_献酒店上门服务+48193199O扣扣_p_2,1
曾仕强五行视频█筘１８２１２３４１７２▓dQ,
校园网侠-全4册-疯狂网游-天罚QQ-超级病毒神秘WI-FI-7-12岁小学生课外书籍-网络科幻小说-网络科普知识小说读物-希望出版社-qqQG-i.344061173.9502779723,
校园网侠-全4册-疯狂网游-天罚QQ-超级病毒神秘WI-FI-7-12岁小学生课外书籍-网络科幻小说-网络科普知识小说读物-希望出版社-qqQG-i.344061173.9502779723,1
fc2ppv-1733281-☆妖怪餌食２☆三連発脈打ち中出し【無,
search_淘 宝 网 电 棒20【接单QQ1282896585】2016-09-17,1
現貨【活力本味】水果熊QQ糖85g-i.270121844.9531583016,
現貨【活力本味】水果熊QQ糖85g-i.270121844.9531583016,
九龍-來新-碗豆造型QQ糖-1500g-i.68026766.8636598546,
九龍-來新-綜合圈QQ軟-1500g-i.68026766.5743214866,
330458728-[tutorabc學英語]要如何自己學會英文QQ;英文+自學+書,
（Spot-Goods）BF888-Nail-Care-9pcs-Cutter-Cuticle-Clipper-Pedicure-Manicure-Set-Kit-Apple-Gift-qPqQ-i.452693865.9166640431,
（Spot-Goods）BF888-Nail-Care-9pcs-Cutter-Cuticle-Clipper-Pedicure-Manicure-Set-Kit-Apple-Gift-qPqQ-i.452693865.9166640431,
买美国毕业证英文869520616薇_Q亚利桑那大学UA毕业证书成绩单材料美国本科硕士毕业证文凭造假毕业证学历证明伪造国外毕业证明信美国毕业找工作美国学历学位证教育部学历学位认证文凭The_University_of_Arizona,
QQ輔助註冊【QQ解封賬號（熱賣款）】QQ實名教學註冊解封實名不成功不收費-i.15291855.15303147932,
QQ輔助註冊【QQ解封賬號（熱賣款）】QQ實名教學註冊解封實名不成功不收費-i.15291855.15303147932,
力武靖ギャラリ+909453290_Q扣_号,1
449027318-【韓國首爾】第一次桑拿就上手！韓式道地spa,
329037328-紫丸日本怪談(日文翻譯)-逆拍手,
uncensored-fc2-ppv-1273284-【完全素人69】マリナ２０才その７、完全顔,
公共交通-西龍傳香飯糰_QQ_Rice-Hong_Kong-site_195807884-2741,
lv-dauphine-mini-達芙妮-二手-1196937010,
_美国文凭_OSU俄亥俄州立大学毕业证Q薇695640122_OSU毕业证_学位证办理一手制作原版_渠道操作真实学历认证_使馆认证_真实俄亥俄州立大学毕业证,1
224851179-富士山手繪貼紙,
23972355-[wii]wii-sport所有攻略與密技,
349858951-【居家】兒童房打造part-1：省錢妙招itaste小品,
116161111-【4y10m育兒好物】孩子的隨身抗菌小幫手，銀,
222850404-香港-中環-pici-手工義大利麵-在地人大推薦,
騰訊QQ帳號-好友解凍-解封-掃碼輔助驗證註冊-二維碼-短信驗證-人臉辨識-凍結-i.4279892.5657962647,
騰訊QQ帳號-好友解凍-解封-掃碼輔助驗證註冊-二維碼-短信驗證-人臉辨識-凍結-i.4279892.5657962647,
169690194-讓你愛不釋手-【保健品任選490出貨】【健康,
61ae35c4000000000101ceb2?w4mqQK%3ROm42K,
مشخصات_ساعت-مچی-کیو-اند-کیو-ست-مدل-QQ-2952-S~id~3416386,
ms.c.eJw9zsENwDAIQ9GNKgyY0P0XqxTLPT79YIUM9AQZkWA~;lI~_c9m4Ve90RmNnF2FCHnfe~_j029~;7v22~;tY2T3jul477~;4JW~;~_t~;gBJKyYK.bps.a.550146038335489,1
QQ-MAAD-Máy-in-Canon-LBP-2900-Lê-Bảo-Minh-sản-xuất-13-QQ-i.303668981.9346618236,
"56,con加QQ【2761880573】即可",1
缅甸皇家国际客服QQ 【131-5076-7771】时WsFy,1
扣扣277977556,1
同城户口迁移需要什么手续 【╇筘１６０７６８２１０３】I4K,1
467452562-[iphone手機]台中北區topwin鼎威蘋果維修／iphone,
朝阳市双塔区这边小姐多少钱±加【QQ号】:1002719269,1
12号散弹壳联系Q990272116,1
228284498-【台南中西區】『豆弄．手作』~~超可愛柴犬,
天博合营『联系Telegram@eoo188|QQ:1092032980』h8h8t8y8.hsoii60iimo,
美美加meimeijia-有機棉QQ腸-原色白-公司原廠貨《美美加》-i.423693847.8851717541,
美美加meimeijia-有機棉QQ腸-原色白-公司原廠貨《美美加》-i.423693847.8851717541,
103091900-養花竅門99招書評-【週年慶折扣】,
32174410-【懷孕日記2】20w6d-杏群診所。高層次超音波,
465927860-3i-cura-絲織相機手腕帶-css-200(黑x紅)......,
349542055-[鐮倉。美食]-手打釜揚げうどん-鎌倉みよし-q,
349054270-【冰島自助】<第一次冰島自助就上手>-行前準,
330281788-【書寶二手書t1／科學_lms】觀念物理Ⅵ-習題,
办广东理工学院硕士毕业证【薇信QQ12017971,1
مشخصات_کوسن-ال-سی-وایکیکی-مدل-QQ-08~id~1243815,
德州市老虎机加分器★QQ740938966★2015年04月05日5kdsx1,1
215298152-母親節折扣-★榮獲新北市經典好酥金牌殊榮,
132005417-【博客來折扣】搶救龍潭聖蹟亭-【博客來使,
344898422-【有雷】《台北歌手》第一集-劇中劇中劇-引,
QQรองเท้าแตะแฟชั่นผู้หญิง-รองเท้าแตะสไตล์เกาหลี-❗แนะนำเพิ่ม1ไซส์❗รองเท้าราคาถูก-i.258188754.3649891846,
QQรองเท้าแตะแฟชั่นผู้หญิง-รองเท้าแตะสไตล์เกาหลี-❗แนะนำเพิ่ม1ไซส์❗รองเท้าราคาถูก-i.258188754.3649891846,
【雙12超優惠】永新-不鏽鋼-15人份-電鍋-QQ-15S-三色-飯鍋-不鏽鋼內鍋-煮飯-粥-滷-i.2408525.1058445378,
【雙12超優惠】永新-不鏽鋼-15人份-電鍋-QQ-15S-三色-飯鍋-不鏽鋼內鍋-煮飯-粥-滷-i.2408525.1058445378,
適用于CK手表42K瑞士原裝電池K8M211-214-216-K8M271-274-276電子-i.360081705.11403894127,
適用于CK手表42K瑞士原裝電池K8M211-214-216-K8M271-274-276電子-i.360081705.11403894127,
適用于CK手表42K瑞士原裝電池K8M211-214-216-K8M271-274-276電子-i.360081705.11403894127,
適用于CK手表42K瑞士原裝電池K8M211-214-216-K8M271-274-276電子-i.360081705.11403894127,
455066009-【新北板橋-流星雨食】二代目---手作り焼き,
73267113-cp值爆表【natures-gate-天然之扉】經典雙倍茶樹,
33065647-《雙子殺手》（gemini-man）,
Digital-hombres-relojes-analógicos-Big-QQ-GW86-negro-blanco-ORI-ANTI-agua-i.734206020.15770362849,
Digital-hombres-relojes-analógicos-Big-QQ-GW86-negro-blanco-ORI-ANTI-agua-i.734206020.15770362849,
361627458-台中大里手機包膜｜膜元素大里店-老字號手,
340229362-不要懷疑杜拜酒店好缺觀光人才~,
Bút-Mực-Biểu-Cảm-QQ-S2--i.227310126.3517973186,
Bút-Mực-Biểu-Cảm-QQ-S2--i.227310126.3517973186,
13856813-台中北區「美之姿整形外科診所」4d-picoplus肝,
19647932-精選特殺~開箱【chimei-奇美】手持多功能強力,
209648410-應采兒-女扮男-似-小春,
86150273-Beyerdynamic+TG-X+81+入手,
澳门太阳城VIP16687406569手机投注,
【new】CCing-3.5mm-Walkie-Talkie-Speaker-Microphone-Hand-Mic-for-Yaesu-Radio-VX‑-VX‑7R-2-SS-IxMl-i.539550042.12036635774,
【new】CCing-3.5mm-Walkie-Talkie-Speaker-Microphone-Hand-Mic-for-Yaesu-Radio-VX‑-VX‑7R-2-SS-IxMl-i.539550042.12036635774,
QQ号3526629450,1
296312449-cbinc-monopod-手機自拍架-比價,
105218949-【折扣】補光燈線控伸縮折疊手機自拍桿(免,
QQ-CANT-Voan-hoa-văn-trang-trí-cực-xinh-1-QQ-i.303669055.8546648515,
办理【msu密歇根州立大学高仿文凭证书﹣成绩单扣-v361538-2,1
è¥¿åŒç‰ˆçº³åšè¡Œé©¶è¯+137170418-QQå·8y0ym,
19647863-精選特殺~開箱【dreame-追覓科技】v9p-手持無線,
QQ-CANY-Chỉ-May-Chỉ-Màu-HOA-MAI-mẫu-tốt-cuộn-400m-chỉ-màu-khâu-tay-khâu-máy-1-QQ-i.303670510.8946613263,
66325536-【新竹|診所】謝德貴兒童診所看診時間與心,
Blu-ray-Movie～GEMINI-MAN-双子杀手-(IMPORT-25GB)-(2019)-i.255394743.6663320560,
Blu-ray-Movie～GEMINI-MAN-双子杀手-(IMPORT-25GB)-(2019)-i.255394743.6663320560,
Xéc-măng-Chery-QQ-giá-bán-1-bộ-3-máy.-i.78107591.3634773643,
329611188-幸福捕手專業版《解答》,
549 谷歌搜索留痕飞机 lishengzhe以及营销qq手机版图片相关服务！ADID18944367,
32535736-【台中咖啡懶人包】義式咖啡、手沖咖啡、文,
Dầu-bôi-trơn-khuôn-trung-tính-QQ-18-i.18753164.3465744639,
16402001-高cp推薦~開箱【獨家送dc扇★toshiba-東芝】奈,
25650127-kate手扎第451篇◎日劇◎絕對達令（1）◎不是,
frankie-mirror-分手-ctb080-syl-1086502,
莱芜市search engine optimizationoriginalfake衣服价格QQ:4826193,1
西班牙-Zaragoza毕业证成绩单-萨拉戈萨大学毕业证-QQWeChat1986543008专业办理Zaragoza学位证-改成绩单总学分-Universidad-de-Zaragoza-Undergraduate-Diploma-Degree-Transcript,1
Bộ-mô-hình-xe-và-nhân-vật-QQ-Speed-(Zing-Speed-Mobile)-(hãng-Enlighten)-Tôn-Ngộ-Không-mã-74021-i.15281665.11484025368,
QQ-CAƯ-Bộ-nhẫn-bắt-mắt-Hàn-Quốc-thuần-tuý-cho-cặp-đôi-1-QQ-i.303669055.8646638967,
QQ-Bộ-đồ-chơi-nấu-ăn-mini-QQ-i.303673459.8146467302,
208780403-【apple】iphone-8-plus-64g-5.5吋-智慧型手機,
铜陵办假资格证+【快速办理★满意付款QQ.82207862电话13654319968】★l35hce,1
铜陵办假资格证+【快速办理★满意付款QQ.82207862电话13654319968】★l35hce,1
jzbPplGrXbJbuKRj0QHitb1I6YqOp7LEVjsHMUQKCP+4OsNTO/mPMnO38cn489628oMMuJ5Avac1OPr8ICVRxdrk0EvYFsZPbe95ASsaWgMLCNoqwstlMXTymVbA2zHk,
Bao-cao-su-ngón-tay-QQ-i.147132421.7089747350,
"1登录失败的问题，错误提示是：QQ “登录失败，文件读取出错，请稍后重试。,如果仍然存在问题，建议您重启电脑后再试 （错误码：0×0006000d）”。",
QQ-CANY-Set-10-Khăn-yếm-vải-xô-cúc-bấm-cho-bé-đủ-màu-bé-trai-và-gái-1-QQ-i.303673289.6486864150,
JOUI95021_0000-oui-手鏈-黃金、鑽石和紅色束帶,
万博官网开线『联系Telegram@yb036|QQ:1092032980』h8h8t8y8.hs116116611,
🔥Only-S-0.84-bag🔥旺仔QQ糖🔥-Wangzai-qq-candy-snack-snack-food-candy-marshmallow-children's-rubber-candy-i.340053568.10611833079,
🔥Only-S-0.84-bag🔥旺仔QQ糖🔥-Wangzai-qq-candy-snack-snack-food-candy-marshmallow-children's-rubber-candy-i.340053568.10611833079,
Wang-Zai-QQ-Gummy-Candy-旺仔QQ糖-(70g)-i.495527356.10820899216,
Wang-Zai-QQ-Gummy-Candy-旺仔QQ糖-(70g)-i.495527356.10820899216,
【QQ:6495796】ggbdp后三组六杀码绝技,
31960737-【台中東勢】kumokuru-手製甜點專門店-一間為,
186371725-托兒所補助-宜蘭縣頭城鎮媽媽贈品,
list-0-改则色美女QQ【妹_子扣319337670】-4-2-0-p1,1
腾龙国际平台QQ17008740333qwl怎么注册,
天津收农业信用卡加Q320159344,1
(32369)_2000_QQ149,
Panasonic-國際牌-(F-H16GND-K)-16吋-DC直流電風扇-F-H16GND-i.1649111.2251388920,
Panasonic-國際牌-(F-H16GND-K)-16吋-DC直流電風扇-F-H16GND-i.1649111.2251388920,
ck手表k8m211(高.仿.名.表+薇591.507.333)e5g7363OOO6571,
225857480-小米手繪圍兜,
25650135-kate手扎第458篇◎韓劇◎聚光燈（1）◎是日光,
qq号2735623642进口手枪,1
29412329-[手作]手工飾品紀錄,
q_168彩票网站【★时时彩软件QQ★:860030512】★fxz77n,1
苏州海选桑拿莞式水墨会所 17182156996 微信同号转biawes天T9TpJ8,1
欧易okx _是国内交易所吗？【加q2215939636】.evt,1
办美国NWU毕业证书-QQ-WeChat-1989-88881办西北大学假毕业证-办NWU假文凭证书-办NWU毕业证成绩单-办NWU学位证-西北大学学历学位认证-offer雅思托福Northwestern-University-Degree-Diploma-Transcript,1
日本SAT答案【QQ:115830987】937647,1
б72加723薇945安康哪里学打麻将纯手法20220921,
230814893-【手作分享】柿子袋作法,
19647890-精選特殺~開箱【abee-快譯通】2in1直立-手持輕,
32149369-【台中北屯】找晨。手作輕食料理-北屯店｜,
绵阳谷歌霸屏引流【联系qq:11286639】快速收录排名.qdp.0828,1
《二手》Language-and-Culture-Claire-Kramsch-i.394819.5559112528,
BANDAI-AHILOOOK-玩具總動員4-QQ鴨軟膠系列-i.465733.7906400830,
28563758-[友情客串]-為什麼沒有競爭對手？,
Dầu-bảo-dưỡng-khuôn-màu-xanh-QQ-38-i.18753164.7065368841,
127521698-RIDEA+果凍手把套,
25455859-【義大利+西西里島】day5(上):瞬間黑白的淒美,
212725663-为什么没有任何声音传输到平板-手机-,
QQ-M-Lót-Giày-Hương-Quế-Lót-Giầy-Khử-Mùi-Hôi-Hiệu-Quả-13-QQ-i.303669055.9246626992,
181816341-平價手機-便宜手機-便宜4g手機推薦,
469484450-雞皮控快入手「經脆脆炸雞皮餅乾」隨時都能,
25650207-kate手扎第525篇◎韓劇◎韓版花樣男子（25）◎,
search-茂名办假毕业证【QQ:2777253099 淘宝交易！】茂名办假毕业证rjktsa-quanbu,1
item_ピンボケ5人-ファイブ-QQ車のなぞ-子どもの本_2838208,
免费包邮um文凭（迈阿密大学学位证（扣薇：1151714174-2,1
网上做假学历【▓客服咨询▓QQ562313463】可以办个假身份证吗★htcjtv,1
مشخصات_ساعت-مچی-پسرانه-کیوکیو-مدل-QQ-3079-K~id~3420254,
مشخصات_ساعت-مچی-اسپرت-کیو-اند-کیو-کد-802-Q-Q~id~8530327,
443624315-漁船扣押-太平島-登島是在為中國護主權-「愛,
342334593-手作花型兜,
qq结婚证制作手机版(-v:-f773553439)-gifs,
Soporte-Magnético-Para-Teléfono-Móvil-Antideslizante-Para-Chery-Fulwin-QQ-Tiggo-i.471834478.12083268516,
Soporte-Magnético-Para-Teléfono-Móvil-Antideslizante-Para-Chery-Fulwin-QQ-Tiggo-i.471834478.12083268516,
case203___20___23_1____办6级证【QQ:812828338 淘宝交易！】办6级证htujyt,1
黑彩pk10网投赚钱吗【PK10计划Q群:436282944】5zc26,1
164469555-《巨輪》超時空-手機,
辽阳附近约美女打炮(V:35749919),
西安100元的手撕定额汽车票灰⒍9552030,
Đồng-hồ-trẻ-em-QQ-VQ94-năng-động-i.77075321.11523544609,
Đồng-hồ-nam-Q-Q-QQ-GW87-cá-tính-i.77075321.10724321106,
204427968-【暢銷商品】【海夫健康】祐奇-u2-手腳-微運,
33466795-《銀翼殺手2049》(blade-runner-2049)---即使愛可以,
مشخصات_ساعت-کیو-اند-کیو-مردانه-مدل-QQ-3184-G~id~3770096,
【樂扣樂扣】TOGO多功能PP餐盒-正方形-餐具-1.2L(兩色任選)-i.13942352.8545851248,
【樂扣樂扣】純淨保鮮盒-2.3L-長方-淺灰-i.13942352.5453953256,
QQ-MA-CHÍNH-HÃNG-Loa-Bluetooth-Thể-Thao-BS30-Bản-Nâng-Cấp-Full-BẢO-HÀNH-12-THÁNG-13-QQ-i.303668981.9346622968,
225720887-【牙醫診所】淡水-淡海新市鎮---荷星牙醫診,
新疆小姐威客网Q2992577426联系,1
302528501-【mybook】服飾採買決勝創業術：新手、老鳥、,
特码刮刮卡176【代理Q:712349876】,1
218235933-【桃園手機行推薦】金馬講數位-〝今嘜共〞,
228968714-【胎盤素專家】-日本天然物研究所｜jnl-好上,
transport_en_commun-Palais_Des_Congrès_De_Montréal-Montreal_QC-site_11978403-342,
QQลูกอมฝ้ายเบาะอากาศพัฟผงแป้งฝุ่นฟองน้ำความงามไข่ไม่ดูดผงเปียกและแห้ง-i.350495031.7171848015,
QQลูกอมฝ้ายเบาะอากาศพัฟผงแป้งฝุ่นฟองน้ำความงามไข่ไม่ดูดผงเปียกและแห้ง-i.350495031.7171848015,
291662716-希臘-扎金索斯島-此生必去-藍海-沈船灣-shipwre,
网上开户QQ：2659946711,1
14220245-超狂低價~開箱【獨家送dc扇★sampo-聲寶】15kg-,
469299791-懷孕前、懷孕中、哺乳中媽媽的好幫手【孕哺,
商洛买麻古QQ99803869,1
384700045-醫美｜格雷絲國際醫美診所－緊緻無暇脈衝光,
43338505-f-合富4745展望2018、2014、2015、2016-(合璽打算掛,
detail4224-18吋【台灣通用工業立扇】GM-178／GM178,
309403562-【加洛里歐】對手戲,
网赚网站排行榜■老师8197734(q)稳定■,1
twist-ss2020減價-名牌手袋-gucci-745747,
吉安哪@里有出售冰+毒Q709369078/,1
18K-Gold-Myanmar-Jadeite-Donut-平安扣-Earrings-i.43235768.3361794924,
18K-Gold-Myanmar-Jadeite-Donut-平安扣-Earrings-i.43235768.3361794924,
Hộp-cơm-giữ-nhiệt-RUỘT-INOX-CAO-CẤP-QQ-i.13182934.4505041597,
Hộp-cơm-giữ-nhiệt-ruột-inox-CAO-CẤP-QQ-i.13182934.2281368501,
detail4023-14吋【尚朋堂】手提涼風扇_SF-1495_／_SF1495,
定位找人黑客在线QQ【定位微信8626233】手机定位找人咋安装，智能手机号定位找人，扣扣号可以定位找人吗《定位微信8626233》手机号怎么定位找人贴吧，手机号定位找人 普洱市重庆渝中区襄樊9x,
104379029-半導體：手機、電腦不可或缺的基本元件，來,
集结号上下分怎么找（嶶7261730）,
Cat-litter-Litter-box-pet-🐱Ready-Stock🐱-QQ-Cat-Litter-10L-4-Flavours--i.441660601.8074132146,
Cat-litter-Litter-box-pet-🐱Ready-Stock🐱-QQ-Cat-Litter-10L-4-Flavours--i.441660601.8074132146,
49506093-┌-時尚潮流(3c)-┐手機螢幕玻璃貼『zeelottaiwan,
"scenario:""17""+gType:""3""+gId:""IJQJUdAjTuDkzUzPTQubPTq8g2""+gIdHash:""4292214411""+gGlobalOfferIds:""67545841688""+AucContextGuid:""Q0IBAAjkKMEGyFpCQAA",
"scenario:""17""+gType:""3""+gId:""IJQJUdAjTuDkzUzPTQubPTq8g2""+gIdHash:""4292214411""+gGlobalOfferIds:""67545841688""+AucContextGuid:""Q0IBAAjkKMEGyFpCQAA",
191891168-生活-▍女生愛不釋手，可愛又實用的ＡＰＰ,
560305433-《殺手保鑣2》--殺手情深,
哥哥妹妹有意思20210513-feat邱俊智-ktaY8EQ5ZjL,
Cặp-lồng-giữ-nhiệt-QQ-(-1200-1500ml-)-Giảm-giá-sốc--i.319208854.7159446319,
Cặp-lồng-giữ-nhiệt-QQ-(-1200-1500ml-)-Giảm-giá-sốc--i.319208854.7159446319,
Cặp-lồng-giữ-nhiệt-QQ-(-1200-1500ml-)-Giảm-giá-sốc--i.319208854.7159446319,
微信被盗了怎么办1511667921_扣号rnlf79,1
q_澳门性伴游加ＱQ(1950205649)即可_ctg__t_0_page_1_p_1_qc_0_rd__site__m_1_bitrate__af_0,
顺丰包邮usq本科文凭usq硕士学位证扣薇：250170396usq本科学历-usq硕士毕业证成绩单-usq本科留信-购usq硕士使馆.122684,1
求八月薇妮 凤再上 txt 全文403139717 qq的邮箱,
مشخصات_کلاه-محافظ-حمام-دکمه-دار-QQ-baby~id~4197658,
405004894-【de-l'espoir-手在餐桌】蔬食新莊早午餐2020---,
238612394-校護不足-教部將扣補助款,
1024注册CL社区，上岸找我！！QQ:6342487,1
299998288-【夏日好物】海爾haier小海風usb擺頭桌扇,
34395325-[料理幫手]-有了巧蔬料理粉，不須另加食鹽和,
dior-包-2020-2020最值得投資5大名牌手袋,
349301185-(寶寶手指食物)-蔬菜麵線烘蛋-一歲以下三口,
拍拍手家電【永新】不鏽鋼內鍋-蒸盤-10人份電鍋QQ-10-100043623122,
缅甸果敢老街东城华纳国际赌场游戏网址55hnccQQ3443033649飞机hnayjf2255,1
328978221-【電棒】天生扁塌頭髮沒關係！poproro-蓬蓬夾-,
38261125-【懶人專用】DIY手帳書皮,
279711041-從家庭聯絡簿說起(上),
14220932-超狂低價~開箱【獨家送dc扇★toshiba-東芝】★6,
"565893898-gerber,-嬰兒-powerblend-麥片，益生菌燕麥片，扁",
187041969-【台灣｜台中】tiger球の運動館-打保齡球！含,
新一代超级泛站群【QQ：3024360246】,1
list-0-透明内衣祼聊QQ号码╰☆╮加主播：【308600038】〓┐_2016-1-2-0-p1,1
正规女性催情药4681795VX医扑,
305281699-【sunon】建準超節能dc直流側吸濾網換氣扇bvt21,
广东韶关翁源县谷歌留痕(找福奇qq849316280).longyao.0801,1
346798532-最暖殺手：《終極追殺令》經典即是永恆,
免费包邮ncl文凭（纽卡斯尔大学学位证（扣薇：11517141,1
list-0-清远办大专文凭【☆QQ:1454419242☆】清远办大专文凭☆2016年10月08日9axprn-1-2-0-p1,1
QQ-QZQ-Viên-sủi-rửa-kính-ô-tô-MINH-DƯƠNG-(YANG)-tẩy-sạch-kính-tạo-hiệu-ứng-lá-sen.-13-QQ-i.303668981.9646618987,
制作麻古的方法过程QQ75495598,1
一元一分斗牛群哪里有Q加⓫⑥⑦薇➒0➎⒐NS20221128,1
fc2-ppv-1186761-【完全素人59】ヒカリ１８才、完全顔出し、き,
360298545-台中美食-│-倪菓幽靈手作千層蛋糕,
💈造型品💯💈Q10魔法QQ乳-i.12570350.1914351650,
💈造型品💯💈Q10魔法QQ乳-i.12570350.1914351650,
129822344-【好用推薦】【樂扣樂扣】pp保鮮盒3.4l(附提,
list-0-和田大麻扣211788873,
260266310-副食品好幫手~美國bumkins防水防臭圍兜口水巾,
225461513-【台南中西區】『阿櫃日式手作銅鑼燒』～意,
229170839-【takara-tomy】火車配件-j-11-信號所(plarail鐵道,
RAME皇家音乐学院毕业证文凭Q薇25006596,1
362203923-[台南中西區]-必買伴手禮！名東現烤蛋糕！古,
279709808-牙買加的美麗與哀愁-(下),
金薇排扣-專屬薇薇-i.13321875.172632117,
金薇排扣-專屬薇薇-i.13321875.172632117,
list-0-鹤岗市办理真实出生医学证明+912276298_Q)扣yi2ig0-1-2-0-p1,
snowflake上市受热捧背后的推手：数据需求不断增长-11600762216,
228706346-家樂福攜手foodpanda門市-再添5家,
php最新chm中文手册下载【2020-09-01更新】,
|宜兴楼凤qq信息●服务874441755_q扣●,1
Bao-cao-su-ngón-tay-QQ-i.34956178.1096471551,
Bao-cao-su-ngón-tay-QQ-i.34956178.1096471551,
新维拉热舞派-小艾一期性感肥臀热舞-扣扣：1933000698,1
QQ-QZQ-Gối-tựa-đầu-và-lưng-cao-su-non-ngồi-ghế-ô-tô-13-QQ-i.303670510.9846586546,
_美国_亚利桑那州立大学毕业证学位证_q薇770071289真实_美国_ASU毕业证成绩单快办_教育部认证留信认证文凭认证,1
QQการตลาด-Hao-DiQQเพิ่มความสามารถในการส่งซอฟต์แวร์กลุ่มอัตโนมัติเพิ่มเพื่อนซอฟต์แวร์การตลาดแบบบูรณาการV-i.508456729.10845854629,
QQการตลาด-Hao-DiQQเพิ่มความสามารถในการส่งซอฟต์แวร์กลุ่มอัตโนมัติเพิ่มเพื่อนซอฟต์แวร์การตลาดแบบบูรณาการV-i.508456729.10845854629,
联系15527771497加武汉小学借读需要什么手续20220521ftg,
联系15527771497加武汉小学借读需要什么手续20220521ftg,
迅雷看看的网址你懂的【QQ：46518728】,1
"Замок зажигания QQ, S21, S12 (S11-3704010)",
Promotion-3-ห่อ-100-บาท-QQ-jelly-เยลลี่องุ่น-น้องใหม่จาก-จีน-i.34481447.561487876,
Promotion-3-ห่อ-100-บาท-QQ-jelly-เยลลี่องุ่น-น้องใหม่จาก-จีน-i.34481447.561487876,
list-0-自慰出水祼女QQ号码[服务]Q308600038_2016-1-2-0-p1,
苏导师扣4360944大小单双计划jabvb,1
مشخصات_ساعت-هوشمند-گریت-آسیا-مدل-QQ~id~1046502,
重庆ktv小姐多少钱服务+158595765_Q,1
5pcs-Clasp-Clip-plated-925-Silver-弹簧扣-圆形扣-i.217867162.5717231647,
Love-Donut-Pendant-Clip-爱心款-平安扣-吊坠卡扣-i.217867162.6659532700,
412125334-【日本-關西-奈良】玩遍關西一次上手-day4-奈,
855 谷歌搜索留痕飞机 lishengzhe以及彩票站QQ群号相关服务！ADID23876518,
【66436689十v】绥化炸金花手法en,
330826791-[台中醫美診所]-整形外科大解惑！2021-微整形,
ccPQdNRaeeFEJDbACZQQXS847310373Ze7QRP3aXFC3DEd3Q87AS01NJeQ4bQQyGPOEThFfOGeaZ741994yG1GPheOF7ET9a9fZOሆሲኁⰏዐጔኾዒⲇⲹҜҞҔႤሪፊረᚌđ,
354138805-isufu舒福家居｜收納的好幫手、教孩子收拾玩,
东莞桑拿技师裸选+205779270_Q+扣,1
list-0-美女的屁股香＋906745O46_Q扣)号798-4-2-0-p1,1
25650176-kate手扎第496篇◎日劇◎scandal（醜聞）（1）◎,
469045790-《大說謊家》--傑出的一手,
179716402-【中壢中原食記】帕帕司papa’s手創冰淇淋餐,
 学信网怎么打印中国高等教育学历认证报告证件定制，文凭做假加薇：674150256,
ZiHaiGuo-自嗨锅-Preserved-Veg-Pork-梅菜扣肉-i.83344700.5341865930,
ZiHaiGuo-自嗨锅-Preserved-Veg-Pork-梅菜扣肉-i.83344700.5341865930,
176131521-【體驗分享：馨手作】讓植愉滋潤修護膏滋潤,
14456120-智慧型手機推薦--●限時特賣●nokia-5.3-(6g-64g)-,
642 谷歌搜索留痕飞机 lishengzhe以及QQ无损发红包引流软件相关服务！ADID47136937,
(21169004vx)合肥宝子做牌手法,
美国华人街哪有妓女上门服务【飞机:2255888】.omq,
Bộ-phụ-kiện-máy-hàn-tig-200A-(-dùng-sứ-ngắn-QQ-)-i.69987139.23500427347,
Bộ-phụ-kiện-máy-hàn-tig-200A-(-dùng-sứ-ngắn-QQ-)-i.69987139.23500427347,
【咨询:86937306】手机长春科乐麻将怎么开外挂作弊.xhk,1
219010521-日本燒肉店新手指南-&-菜單對照表,
办维多利亚大学毕业证文凭308057815薇-q澳洲文凭成绩单毕,1
北京顺义区发廊会所76362253微信套在,
北卡罗莱纳大学毕业证_文凭_学历证书Q薇786161891_北卡罗来纳毕业证北卡罗莱纳大学_offer录取通知书_收费单_修改成绩单GPA_学历认证,1
391307620-小編推薦款-百威14吋立扇(fr-14119),
219623377-【美食】jolly手工釀啤酒泰食餐廳-慶城店,
220432347-nordgreen手錶,
469466549-台北中正—jellyjelly-慢工烘焙｜手作甜點起家,